firstInputVariableName,secondInputVariableName
0.751558,0.751558
0.521331,0.521331
0.714687,0.714687
0.544853,0.544853
0.029582,0.029582
0.983608,0.983608
0.198278,0.198278
0.816023,0.816023
0.745111,0.745111
0.566693,0.566693
0.397402,0.397402
0.434697,0.434697
0.315709,0.315709
0.467655,0.467655
0.960246,0.960246
0.577673,0.577673
0.381372,0.381372
0.477764,0.477764
0.855810,0.855810
0.280862,0.280862
0.736792,0.736792
0.531600,0.531600
0.029808,0.029808
0.708993,0.708993
0.481195,0.481195
0.510657,0.510657
0.478386,0.478386
0.656941,0.656941
0.098407,0.098407
0.213768,0.213768
0.200659,0.200659
0.284368,0.284368
0.740924,0.740924
0.637646,0.637646
0.906643,0.906643
0.296679,0.296679
0.287027,0.287027
0.285711,0.285711
0.531789,0.531789
0.232273,0.232273
0.919454,0.919454
0.866194,0.866194
0.107249,0.107249
0.430003,0.430003
0.414318,0.414318
0.204685,0.204685
0.351269,0.351269
0.142103,0.142103
0.042802,0.042802
0.692767,0.692767
0.582253,0.582253
0.075127,0.075127
0.150065,0.150065
0.321534,0.321534
0.741304,0.741304
0.838861,0.838861
0.905535,0.905535
0.051375,0.051375
0.632171,0.632171
0.396684,0.396684
0.333789,0.333789
0.688576,0.688576
0.112365,0.112365
0.983321,0.983321
0.315925,0.315925
0.386523,0.386523
0.045545,0.045545
0.312297,0.312297
0.619155,0.619155
0.110567,0.110567
0.791614,0.791614
0.095212,0.095212
0.410920,0.410920
0.831022,0.831022
0.054657,0.054657
0.091054,0.091054
0.370319,0.370319
0.680437,0.680437
0.544232,0.544232
0.858458,0.858458
0.513431,0.513431
0.536084,0.536084
0.542765,0.542765
0.848481,0.848481
0.716343,0.716343
0.200134,0.200134
0.855609,0.855609
0.632826,0.632826
0.005577,0.005577
0.869013,0.869013
0.039700,0.039700
0.029120,0.029120
0.354681,0.354681
0.800779,0.800779
0.611111,0.611111
0.093209,0.093209
0.766443,0.766443
0.378120,0.378120
0.048415,0.048415
0.907956,0.907956
0.707233,0.707233
0.489507,0.489507
0.890295,0.890295
0.885268,0.885268
0.768614,0.768614
0.948575,0.948575
0.786082,0.786082
0.382727,0.382727
0.880761,0.880761
0.647687,0.647687
0.191371,0.191371
0.317777,0.317777
0.599862,0.599862
0.390560,0.390560
0.195845,0.195845
0.591129,0.591129
0.975589,0.975589
0.379564,0.379564
0.812802,0.812802
0.256168,0.256168
0.983791,0.983791
0.028125,0.028125
0.668927,0.668927
0.351498,0.351498
0.953011,0.953011
0.998960,0.998960
0.605407,0.605407
0.891799,0.891799
0.635513,0.635513
0.485300,0.485300
0.137321,0.137321
0.852067,0.852067
0.203179,0.203179
0.989983,0.989983
0.914866,0.914866
0.683217,0.683217
0.685529,0.685529
0.645564,0.645564
0.221422,0.221422
0.739854,0.739854
0.468617,0.468617
0.736552,0.736552
0.186532,0.186532
0.497738,0.497738
0.457252,0.457252
0.254957,0.254957
0.862671,0.862671
0.223301,0.223301
0.568357,0.568357
0.037391,0.037391
0.395374,0.395374
0.401903,0.401903
0.663891,0.663891
0.392431,0.392431
0.272988,0.272988
0.586607,0.586607
0.962283,0.962283
0.131680,0.131680
0.656390,0.656390
0.150125,0.150125
0.379481,0.379481
0.735216,0.735216
0.921547,0.921547
0.760075,0.760075
0.690088,0.690088
0.859028,0.859028
0.395059,0.395059
0.293897,0.293897
0.445782,0.445782
0.189126,0.189126
0.317603,0.317603
0.525341,0.525341
0.231094,0.231094
0.833431,0.833431
0.647430,0.647430
0.591175,0.591175
0.463393,0.463393
0.925961,0.925961
0.703174,0.703174
0.798433,0.798433
0.034754,0.034754
0.102287,0.102287
0.850570,0.850570
0.873823,0.873823
0.935043,0.935043
0.498545,0.498545
0.598121,0.598121
0.968307,0.968307
0.710107,0.710107
0.498082,0.498082
0.380251,0.380251
0.031684,0.031684
0.651209,0.651209
0.815452,0.815452
0.301347,0.301347
0.479434,0.479434
0.265429,0.265429
0.841053,0.841053
0.832672,0.832672
0.880422,0.880422
0.676796,0.676796
0.007988,0.007988
0.425419,0.425419
0.956861,0.956861
0.169289,0.169289
0.464204,0.464204
0.088724,0.088724
0.677232,0.677232
0.886425,0.886425
0.667468,0.667468
0.172113,0.172113
0.127729,0.127729
0.734669,0.734669
0.120341,0.120341
0.536745,0.536745
0.049994,0.049994
0.406517,0.406517
0.757474,0.757474
0.369742,0.369742
0.031808,0.031808
0.791190,0.791190
0.048435,0.048435
0.199258,0.199258
0.562056,0.562056
0.911192,0.911192
0.615885,0.615885
0.491222,0.491222
0.855567,0.855567
0.761283,0.761283
0.221430,0.221430
0.676770,0.676770
0.648745,0.648745
0.789159,0.789159
0.252467,0.252467
0.068638,0.068638
0.028654,0.028654
0.921456,0.921456
0.441414,0.441414
0.795851,0.795851
0.956789,0.956789
0.969920,0.969920
0.140997,0.140997
0.889387,0.889387
0.564671,0.564671
0.354285,0.354285
0.384274,0.384274
0.603533,0.603533
0.290739,0.290739
0.245677,0.245677
0.898476,0.898476
0.649962,0.649962
0.101889,0.101889
0.601128,0.601128
0.843378,0.843378
0.570578,0.570578
0.438526,0.438526
0.230760,0.230760
0.505725,0.505725
0.330268,0.330268
0.277003,0.277003
0.594742,0.594742
0.326759,0.326759
0.533755,0.533755
0.436931,0.436931
0.343275,0.343275
0.229514,0.229514
0.197808,0.197808
0.464776,0.464776
0.859364,0.859364
0.285106,0.285106
0.153402,0.153402
0.658201,0.658201
0.939544,0.939544
0.135051,0.135051
0.658157,0.658157
0.094644,0.094644
0.083203,0.083203
0.008255,0.008255
0.445072,0.445072
0.225368,0.225368
0.179740,0.179740
0.841203,0.841203
0.018025,0.018025
0.021147,0.021147
0.706106,0.706106
0.571532,0.571532
0.197013,0.197013
0.404107,0.404107
0.297631,0.297631
0.263797,0.263797
0.600125,0.600125
0.495414,0.495414
0.415080,0.415080
0.966275,0.966275
0.811597,0.811597
0.596430,0.596430
0.976130,0.976130
0.952617,0.952617
0.540163,0.540163
0.148553,0.148553
0.583636,0.583636
0.953813,0.953813
0.518068,0.518068
0.363803,0.363803
0.746388,0.746388
0.029139,0.029139
0.513677,0.513677
0.545040,0.545040
0.121660,0.121660
0.453066,0.453066
0.766355,0.766355
0.452317,0.452317
0.004747,0.004747
0.760406,0.760406
0.186047,0.186047
0.611892,0.611892
0.747989,0.747989
0.401747,0.401747
0.384397,0.384397
0.858350,0.858350
0.916130,0.916130
0.439311,0.439311
0.132200,0.132200
0.448703,0.448703
0.667794,0.667794
0.120612,0.120612
0.340406,0.340406
0.464825,0.464825
0.774741,0.774741
0.420515,0.420515
0.937178,0.937178
0.124819,0.124819
0.651111,0.651111
0.282899,0.282899
0.555841,0.555841
0.585107,0.585107
0.368274,0.368274
0.446772,0.446772
0.586931,0.586931
0.395427,0.395427
0.960524,0.960524
0.420081,0.420081
0.512422,0.512422
0.580384,0.580384
0.649785,0.649785
0.174487,0.174487
0.726149,0.726149
0.802863,0.802863
0.300651,0.300651
0.199836,0.199836
0.384394,0.384394
0.498983,0.498983
0.716587,0.716587
0.704155,0.704155
0.123124,0.123124
0.923213,0.923213
0.878060,0.878060
0.942830,0.942830
0.515572,0.515572
0.488196,0.488196
0.950636,0.950636
0.831586,0.831586
0.386549,0.386549
0.618208,0.618208
0.377187,0.377187
0.652735,0.652735
0.753929,0.753929
0.591267,0.591267
0.345331,0.345331
0.313088,0.313088
0.528404,0.528404
0.868292,0.868292
0.147946,0.147946
0.617381,0.617381
0.392488,0.392488
0.529263,0.529263
0.909854,0.909854
0.503289,0.503289
0.062503,0.062503
0.997962,0.997962
0.985372,0.985372
0.122556,0.122556
0.986331,0.986331
0.598305,0.598305
0.818149,0.818149
0.705720,0.705720
0.142546,0.142546
0.345646,0.345646
0.566233,0.566233
0.964207,0.964207
0.374452,0.374452
0.878905,0.878905
0.484203,0.484203
0.918623,0.918623
0.123518,0.123518
0.621198,0.621198
0.138561,0.138561
0.939524,0.939524
0.601526,0.601526
0.028419,0.028419
0.067211,0.067211
0.523941,0.523941
0.927785,0.927785
0.924551,0.924551
0.233219,0.233219
0.121819,0.121819
0.531241,0.531241
0.713747,0.713747
0.370924,0.370924
0.227097,0.227097
0.342795,0.342795
0.904637,0.904637
0.315275,0.315275
0.570345,0.570345
0.733681,0.733681
0.340559,0.340559
0.695025,0.695025
0.240791,0.240791
0.091793,0.091793
0.327803,0.327803
0.501480,0.501480
0.168215,0.168215
0.017835,0.017835
0.383068,0.383068
0.735510,0.735510
0.589187,0.589187
0.628099,0.628099
0.662735,0.662735
0.716722,0.716722
0.210062,0.210062
0.231136,0.231136
0.839619,0.839619
0.104017,0.104017
0.906429,0.906429
0.636859,0.636859
0.503539,0.503539
0.983718,0.983718
0.430725,0.430725
0.679148,0.679148
0.368053,0.368053
0.380743,0.380743
0.444245,0.444245
0.139537,0.139537
0.439611,0.439611
0.641780,0.641780
0.458749,0.458749
0.820668,0.820668
0.648545,0.648545
0.131637,0.131637
0.957823,0.957823
0.138786,0.138786
0.970120,0.970120
0.995503,0.995503
0.481602,0.481602
0.387559,0.387559
0.030860,0.030860
0.833953,0.833953
0.936293,0.936293
0.676974,0.676974
0.316199,0.316199
0.364034,0.364034
0.834674,0.834674
0.706347,0.706347
0.381762,0.381762
0.990585,0.990585
0.720647,0.720647
0.406397,0.406397
0.633634,0.633634
0.765825,0.765825
0.184135,0.184135
0.020839,0.020839
0.703486,0.703486
0.619234,0.619234
0.726983,0.726983
0.957358,0.957358
0.531602,0.531602
0.064800,0.064800
0.149793,0.149793
0.304228,0.304228
0.382963,0.382963
0.356121,0.356121
0.361961,0.361961
0.138719,0.138719
0.544234,0.544234
0.715511,0.715511
0.541886,0.541886
0.947086,0.947086
0.275356,0.275356
0.283181,0.283181
0.284769,0.284769
0.229947,0.229947
0.397528,0.397528
0.419386,0.419386
0.623994,0.623994
0.196122,0.196122
0.191993,0.191993
0.514529,0.514529
0.111098,0.111098
0.729821,0.729821
0.379378,0.379378
0.139147,0.139147
0.704575,0.704575
0.780753,0.780753
0.384705,0.384705
0.636246,0.636246
0.825586,0.825586
0.643113,0.643113
0.107232,0.107232
0.393918,0.393918
0.782481,0.782481
0.387051,0.387051
0.212073,0.212073
0.082365,0.082365
0.076693,0.076693
0.867705,0.867705
0.448093,0.448093
0.081750,0.081750
0.648468,0.648468
0.152985,0.152985
0.211182,0.211182
0.832240,0.832240
0.743869,0.743869
0.260151,0.260151
0.292848,0.292848
0.439373,0.439373
0.553921,0.553921
0.820598,0.820598
0.002136,0.002136
0.723226,0.723226
0.739567,0.739567
0.312023,0.312023
0.144835,0.144835
0.343001,0.343001
0.066346,0.066346
0.659311,0.659311
0.979820,0.979820
0.605573,0.605573
0.535511,0.535511
0.097562,0.097562
0.673969,0.673969
0.458464,0.458464
0.683363,0.683363
0.160483,0.160483
0.536978,0.536978
0.117617,0.117617
0.230234,0.230234
0.994099,0.994099
0.346501,0.346501
0.108979,0.108979
0.548794,0.548794
0.185960,0.185960
0.557227,0.557227
0.590539,0.590539
0.524877,0.524877
0.751415,0.751415
0.013507,0.013507
0.658455,0.658455
0.247270,0.247270
0.719760,0.719760
0.841525,0.841525
0.077881,0.077881
0.915084,0.915084
0.498501,0.498501
0.460843,0.460843
0.139199,0.139199
0.760660,0.760660
0.213903,0.213903
0.892948,0.892948
0.473651,0.473651
0.918438,0.918438
0.847110,0.847110
0.985341,0.985341
0.875447,0.875447
0.452606,0.452606
0.658715,0.658715
0.417100,0.417100
0.318343,0.318343
0.471127,0.471127
0.236838,0.236838
0.748833,0.748833
0.384858,0.384858
0.548443,0.548443
0.788294,0.788294
0.768324,0.768324
0.869104,0.869104
0.911054,0.911054
0.448187,0.448187
0.873906,0.873906
0.650433,0.650433
0.005454,0.005454
0.730433,0.730433
0.488521,0.488521
0.817010,0.817010
0.961125,0.961125
0.263532,0.263532
0.222484,0.222484
0.766360,0.766360
0.106584,0.106584
0.881695,0.881695
0.388740,0.388740
0.471455,0.471455
0.667684,0.667684
0.627765,0.627765
0.920097,0.920097
0.312775,0.312775
0.591740,0.591740
0.470085,0.470085
0.321103,0.321103
0.319098,0.319098
0.956503,0.956503
0.320858,0.320858
0.650551,0.650551
0.057949,0.057949
0.262862,0.262862
0.294343,0.294343
0.895092,0.895092
0.601378,0.601378
0.641707,0.641707
0.183878,0.183878
0.024412,0.024412
0.869287,0.869287
0.128486,0.128486
0.213974,0.213974
0.836721,0.836721
0.474137,0.474137
0.899261,0.899261
0.045872,0.045872
0.178054,0.178054
0.836271,0.836271
0.663570,0.663570
0.693979,0.693979
0.205482,0.205482
0.640180,0.640180
0.551396,0.551396
0.921335,0.921335
0.231714,0.231714
0.119046,0.119046
0.659174,0.659174
0.254576,0.254576
0.558942,0.558942
0.014180,0.014180
0.017571,0.017571
0.608422,0.608422
0.384581,0.384581
0.214462,0.214462
0.595981,0.595981
0.422935,0.422935
0.011467,0.011467
0.635140,0.635140
0.101745,0.101745
0.444477,0.444477
0.908999,0.908999
0.755958,0.755958
0.066780,0.066780
0.244346,0.244346
0.742778,0.742778
0.501852,0.501852
0.647726,0.647726
0.697020,0.697020
0.993896,0.993896
0.354149,0.354149
0.081878,0.081878
0.006298,0.006298
0.087451,0.087451
0.433697,0.433697
0.536708,0.536708
0.251251,0.251251
0.027279,0.027279
0.519258,0.519258
0.865272,0.865272
0.305327,0.305327
0.404657,0.404657
0.481935,0.481935
0.874062,0.874062
0.101416,0.101416
0.081548,0.081548
0.617957,0.617957
0.921902,0.921902
0.005593,0.005593
0.251452,0.251452
0.030756,0.030756
0.649639,0.649639
0.664120,0.664120
0.934927,0.934927
0.943308,0.943308
0.924508,0.924508
0.475892,0.475892
0.359863,0.359863
0.993454,0.993454
0.571847,0.571847
0.532060,0.532060
0.809448,0.809448
0.214695,0.214695
0.757145,0.757145
0.821637,0.821637
0.968500,0.968500
0.649968,0.649968
0.841181,0.841181
0.187570,0.187570
0.208127,0.208127
0.426007,0.426007
0.037821,0.037821
0.343861,0.343861
0.599809,0.599809
0.716894,0.716894
0.826192,0.826192
0.339181,0.339181
0.923232,0.923232
0.064740,0.064740
0.476919,0.476919
0.861919,0.861919
0.562433,0.562433
0.892428,0.892428
0.609767,0.609767
0.533097,0.533097
0.091443,0.091443
0.202724,0.202724
0.625882,0.625882
0.045626,0.045626
0.180613,0.180613
0.414901,0.414901
0.324431,0.324431
0.541484,0.541484
0.389632,0.389632
0.898789,0.898789
0.153270,0.153270
0.374956,0.374956
0.450731,0.450731
0.315598,0.315598
0.986604,0.986604
0.773347,0.773347
0.994443,0.994443
0.904332,0.904332
0.614462,0.614462
0.712466,0.712466
0.770868,0.770868
0.571685,0.571685
0.457994,0.457994
0.072994,0.072994
0.011395,0.011395
0.089922,0.089922
0.023369,0.023369
0.601216,0.601216
0.226489,0.226489
0.348274,0.348274
0.132891,0.132891
0.204949,0.204949
0.294565,0.294565
0.266568,0.266568
0.726828,0.726828
0.702754,0.702754
0.605411,0.605411
0.069140,0.069140
0.577821,0.577821
0.040179,0.040179
0.427293,0.427293
0.011374,0.011374
0.831216,0.831216
0.443318,0.443318
0.871777,0.871777
0.833503,0.833503
0.249326,0.249326
0.459346,0.459346
0.400477,0.400477
0.829148,0.829148
0.184462,0.184462
0.762939,0.762939
0.711257,0.711257
0.498250,0.498250
0.632883,0.632883
0.378228,0.378228
0.414005,0.414005
0.207748,0.207748
0.239497,0.239497
0.325792,0.325792
0.719360,0.719360
0.908991,0.908991
0.022968,0.022968
0.084207,0.084207
0.726383,0.726383
0.937968,0.937968
0.527244,0.527244
0.662250,0.662250
0.570146,0.570146
0.172465,0.172465
0.132038,0.132038
0.078277,0.078277
0.855928,0.855928
0.543180,0.543180
0.603593,0.603593
0.881007,0.881007
0.902679,0.902679
0.625413,0.625413
0.653318,0.653318
0.997895,0.997895
0.572751,0.572751
0.561453,0.561453
0.598130,0.598130
0.311768,0.311768
0.808694,0.808694
0.872553,0.872553
0.320834,0.320834
0.208449,0.208449
0.406173,0.406173
0.077552,0.077552
0.572399,0.572399
0.120365,0.120365
0.658275,0.658275
0.105020,0.105020
0.816092,0.816092
0.391595,0.391595
0.358557,0.358557
0.293968,0.293968
0.630232,0.630232
0.948743,0.948743
0.488847,0.488847
0.275403,0.275403
0.434926,0.434926
0.805116,0.805116
0.706080,0.706080
0.041086,0.041086
0.364508,0.364508
0.727715,0.727715
0.498803,0.498803
0.650820,0.650820
0.370667,0.370667
0.267865,0.267865
0.026483,0.026483
0.443182,0.443182
0.933511,0.933511
0.087682,0.087682
0.495621,0.495621
0.695904,0.695904
0.062420,0.062420
0.477311,0.477311
0.283338,0.283338
0.493326,0.493326
0.008134,0.008134
0.738540,0.738540
0.265168,0.265168
0.988043,0.988043
0.573353,0.573353
0.864537,0.864537
0.536947,0.536947
0.262805,0.262805
0.999065,0.999065
0.158846,0.158846
0.467149,0.467149
0.820663,0.820663
0.732818,0.732818
0.922730,0.922730
0.804324,0.804324
0.865211,0.865211
0.502158,0.502158
0.645073,0.645073
0.561122,0.561122
0.220721,0.220721
0.919283,0.919283
0.551072,0.551072
0.381610,0.381610
0.342974,0.342974
0.848658,0.848658
0.629614,0.629614
0.585950,0.585950
0.846070,0.846070
0.728707,0.728707
0.066055,0.066055
0.690169,0.690169
0.289788,0.289788
0.188647,0.188647
0.034548,0.034548
0.809560,0.809560
0.512762,0.512762
0.063594,0.063594
0.295302,0.295302
0.925665,0.925665
0.121326,0.121326
0.309558,0.309558
0.177375,0.177375
0.664292,0.664292
0.141479,0.141479
0.305876,0.305876
0.492515,0.492515
0.579568,0.579568
0.702337,0.702337
0.074803,0.074803
0.771099,0.771099
0.946927,0.946927
0.503115,0.503115
0.196722,0.196722
0.484343,0.484343
0.660008,0.660008
0.730503,0.730503
0.750346,0.750346
0.191047,0.191047
0.129269,0.129269
0.367116,0.367116
0.403382,0.403382
0.029406,0.029406
0.868774,0.868774
0.088333,0.088333
0.430189,0.430189
0.105811,0.105811
0.610205,0.610205
0.512606,0.512606
0.797873,0.797873
0.889540,0.889540
0.604283,0.604283
0.032475,0.032475
0.098685,0.098685
0.893461,0.893461
0.016978,0.016978
0.384219,0.384219
0.187899,0.187899
0.184684,0.184684
0.672243,0.672243
0.566012,0.566012
0.083804,0.083804
0.845495,0.845495
0.989700,0.989700
0.399739,0.399739
0.155912,0.155912
0.815950,0.815950
0.241350,0.241350
0.829621,0.829621
0.986814,0.986814
0.194413,0.194413
0.409604,0.409604
0.962376,0.962376
0.055780,0.055780
0.562802,0.562802
0.464846,0.464846
0.058338,0.058338
0.916904,0.916904
0.706531,0.706531
0.469362,0.469362
0.849386,0.849386
0.847544,0.847544
0.135890,0.135890
0.688096,0.688096
0.608861,0.608861
0.192909,0.192909
0.458344,0.458344
0.842001,0.842001
0.904630,0.904630
0.648600,0.648600
0.294648,0.294648
0.454679,0.454679
0.788171,0.788171
0.153192,0.153192
0.689979,0.689979
0.494245,0.494245
0.767497,0.767497
0.740583,0.740583
0.175901,0.175901
0.213407,0.213407
0.600390,0.600390
0.709045,0.709045
0.151885,0.151885
0.297820,0.297820
0.100115,0.100115
0.864448,0.864448
0.228892,0.228892
0.718309,0.718309
0.523739,0.523739
0.071794,0.071794
0.161166,0.161166
0.357813,0.357813
0.040441,0.040441
0.315547,0.315547
0.684974,0.684974
0.083943,0.083943
0.922705,0.922705
0.118460,0.118460
0.228066,0.228066
0.140243,0.140243
0.970076,0.970076
0.579550,0.579550
0.990963,0.990963
0.151426,0.151426
0.020852,0.020852
0.868643,0.868643
0.080895,0.080895
0.055283,0.055283
0.449490,0.449490
0.754497,0.754497
0.709967,0.709967
0.698745,0.698745
0.648568,0.648568
0.387659,0.387659
0.178079,0.178079
0.834313,0.834313
0.301631,0.301631
0.725489,0.725489
0.321180,0.321180
0.579123,0.579123
0.770262,0.770262
0.584424,0.584424
0.567649,0.567649
0.780311,0.780311
0.088832,0.088832
0.713155,0.713155
0.082296,0.082296
0.278501,0.278501
0.015810,0.015810
0.916017,0.916017
0.725974,0.725974
0.893689,0.893689
0.868749,0.868749
0.520873,0.520873
0.518257,0.518257
0.397382,0.397382
0.437867,0.437867
0.329255,0.329255
0.686211,0.686211
0.086999,0.086999
0.228363,0.228363
0.281683,0.281683
0.320950,0.320950
0.544712,0.544712
0.497483,0.497483
0.291769,0.291769
0.245279,0.245279
0.222241,0.222241
0.750839,0.750839
0.675744,0.675744
0.201920,0.201920
0.208555,0.208555
0.016765,0.016765
0.018219,0.018219
0.926825,0.926825
0.707167,0.707167
0.453600,0.453600
0.341043,0.341043
0.618227,0.618227
0.725338,0.725338
0.957005,0.957005
0.502917,0.502917
0.382232,0.382232
0.302980,0.302980
0.483952,0.483952
0.625031,0.625031
0.075328,0.075328
0.360923,0.360923
0.100239,0.100239
0.358521,0.358521
0.551503,0.551503
0.404095,0.404095
0.169434,0.169434
0.713721,0.713721
0.353227,0.353227
0.700150,0.700150
0.568759,0.568759
0.341721,0.341721
0.642672,0.642672
0.520260,0.520260
0.049965,0.049965
0.852694,0.852694
0.691282,0.691282
0.376021,0.376021
0.931549,0.931549
0.216383,0.216383
0.193978,0.193978
0.170994,0.170994
0.483256,0.483256
0.743089,0.743089
0.868087,0.868087
0.530267,0.530267
0.371747,0.371747
0.090666,0.090666
0.987246,0.987246
0.604263,0.604263
0.187186,0.187186
0.613238,0.613238
0.547841,0.547841
0.228688,0.228688
0.189063,0.189063
0.076519,0.076519
0.369149,0.369149
0.912788,0.912788
0.066679,0.066679
0.664219,0.664219
0.941998,0.941998
0.580164,0.580164
0.328304,0.328304
0.536480,0.536480
0.594379,0.594379
0.078078,0.078078
0.387946,0.387946
0.935707,0.935707
0.139641,0.139641
0.287381,0.287381
0.094086,0.094086
0.954145,0.954145
0.545086,0.545086
0.164115,0.164115
0.563608,0.563608
0.983840,0.983840
0.749889,0.749889
0.713953,0.713953
0.764107,0.764107
0.163392,0.163392
0.446592,0.446592
0.755584,0.755584
0.037790,0.037790
0.458989,0.458989
0.477661,0.477661
0.314264,0.314264
0.067579,0.067579
0.487773,0.487773
0.344985,0.344985
0.393859,0.393859
0.450904,0.450904
0.847160,0.847160
0.846712,0.846712
0.636655,0.636655
0.004671,0.004671
0.354064,0.354064
0.984955,0.984955
0.751630,0.751630
0.624214,0.624214
0.307389,0.307389
0.091203,0.091203
0.336634,0.336634
0.121229,0.121229
0.743982,0.743982
0.866643,0.866643
0.698141,0.698141
0.387204,0.387204
0.813974,0.813974
0.069990,0.069990
0.151772,0.151772
0.768310,0.768310
0.946770,0.946770
0.087929,0.087929
0.295820,0.295820
0.726863,0.726863
0.383811,0.383811
0.658191,0.658191
0.531299,0.531299
0.861988,0.861988
0.802750,0.802750
0.830084,0.830084
0.946919,0.946919
0.189047,0.189047
0.153679,0.153679
0.476818,0.476818
0.368476,0.368476
0.470729,0.470729
0.308637,0.308637
0.143540,0.143540
0.553530,0.553530
0.811048,0.811048
0.580381,0.580381
0.446123,0.446123
0.623930,0.623930
0.897477,0.897477
0.771646,0.771646
0.505079,0.505079
0.056323,0.056323
0.632497,0.632497
0.478883,0.478883
0.951041,0.951041
0.379626,0.379626
0.630488,0.630488
0.148924,0.148924
0.577143,0.577143
0.053732,0.053732
0.725312,0.725312
0.851101,0.851101
0.102142,0.102142
0.976323,0.976323
0.158171,0.158171
0.341160,0.341160
0.556839,0.556839
0.855563,0.855563
0.745332,0.745332
0.917810,0.917810
0.341821,0.341821
0.583733,0.583733
0.746561,0.746561
0.604814,0.604814
0.460062,0.460062
0.720721,0.720721
0.957152,0.957152
0.725409,0.725409
0.635902,0.635902
0.567222,0.567222
0.776195,0.776195
0.548582,0.548582
0.826995,0.826995
0.600698,0.600698
0.302124,0.302124
0.072173,0.072173
0.003022,0.003022
0.955132,0.955132
0.106670,0.106670
0.019414,0.019414
0.766712,0.766712
0.069379,0.069379
0.256501,0.256501
0.222000,0.222000
0.809834,0.809834
0.537441,0.537441
0.763696,0.763696
0.561307,0.561307
0.263938,0.263938
0.387382,0.387382
0.195747,0.195747
0.191274,0.191274
0.593190,0.593190
0.341007,0.341007
0.999716,0.999716
0.351790,0.351790
0.862231,0.862231
0.207528,0.207528
0.525059,0.525059
0.395872,0.395872
0.437833,0.437833
0.895087,0.895087
0.767509,0.767509
0.539761,0.539761
0.744047,0.744047
0.599064,0.599064
0.116259,0.116259
0.238216,0.238216
0.454767,0.454767
0.978064,0.978064
0.200190,0.200190
0.136890,0.136890
0.945143,0.945143
0.844588,0.844588
0.098767,0.098767
0.992942,0.992942
0.913531,0.913531
0.967213,0.967213
0.355720,0.355720
0.416742,0.416742
0.540305,0.540305
0.940777,0.940777
0.148527,0.148527
0.280446,0.280446
0.185181,0.185181
0.736075,0.736075
0.876487,0.876487
0.530702,0.530702
0.656928,0.656928
0.748520,0.748520
0.592221,0.592221
0.648061,0.648061
0.295226,0.295226
0.008008,0.008008
0.448204,0.448204
0.468607,0.468607
0.239380,0.239380
0.266029,0.266029
0.789228,0.789228
0.307355,0.307355
0.829750,0.829750
0.369368,0.369368
0.559060,0.559060
0.780286,0.780286
0.632742,0.632742
0.173273,0.173273
0.560644,0.560644
0.267500,0.267500
0.797113,0.797113
0.579188,0.579188
0.313944,0.313944
0.036209,0.036209
0.976434,0.976434
0.940576,0.940576
0.149582,0.149582
0.762661,0.762661
0.725054,0.725054
0.070466,0.070466
0.634299,0.634299
0.848649,0.848649
0.925703,0.925703
0.054680,0.054680
0.250525,0.250525
0.660911,0.660911
0.286475,0.286475
0.614151,0.614151
0.717210,0.717210
0.529046,0.529046
0.628901,0.628901
0.986465,0.986465
0.942868,0.942868
0.856051,0.856051
0.842174,0.842174
0.237286,0.237286
0.463463,0.463463
0.959057,0.959057
0.863221,0.863221
0.419970,0.419970
0.866614,0.866614
0.672687,0.672687
0.306603,0.306603
0.069362,0.069362
0.757796,0.757796
0.735042,0.735042
0.630510,0.630510
0.583796,0.583796
0.264686,0.264686
0.998455,0.998455
0.626811,0.626811
0.539719,0.539719
0.416584,0.416584
0.368080,0.368080
0.795458,0.795458
0.900453,0.900453
0.120420,0.120420
0.520284,0.520284
0.173305,0.173305
0.863359,0.863359
0.403861,0.403861
0.551724,0.551724
0.314768,0.314768
0.164918,0.164918
0.433620,0.433620
0.449613,0.449613
0.234505,0.234505
0.813201,0.813201
0.025426,0.025426
0.684495,0.684495
0.694860,0.694860
0.784132,0.784132
0.690221,0.690221
0.908763,0.908763
0.027479,0.027479
0.697603,0.697603
0.759918,0.759918
0.793125,0.793125
0.898367,0.898367
0.002258,0.002258
0.136510,0.136510
0.661780,0.661780
0.834095,0.834095
0.286822,0.286822
0.055162,0.055162
0.683687,0.683687
0.034973,0.034973
0.711859,0.711859
0.903167,0.903167
0.532593,0.532593
0.153689,0.153689
0.016451,0.016451
0.893004,0.893004
0.481589,0.481589
0.728796,0.728796
0.459467,0.459467
0.052335,0.052335
0.367014,0.367014
0.223387,0.223387
0.940839,0.940839
0.160386,0.160386
0.470312,0.470312
0.876555,0.876555
0.322515,0.322515
0.876015,0.876015
0.982385,0.982385
0.169836,0.169836
0.063650,0.063650
0.019697,0.019697
0.695535,0.695535
0.055648,0.055648
0.700712,0.700712
0.237255,0.237255
0.688888,0.688888
0.510971,0.510971
0.168389,0.168389
0.330342,0.330342
0.521689,0.521689
0.649662,0.649662
0.627577,0.627577
0.694307,0.694307
0.513958,0.513958
0.502797,0.502797
0.608791,0.608791
0.448227,0.448227
0.295191,0.295191
0.832187,0.832187
0.752964,0.752964
0.808705,0.808705
0.686238,0.686238
0.457912,0.457912
0.820041,0.820041
0.074076,0.074076
0.624241,0.624241
0.750612,0.750612
0.423680,0.423680
0.298878,0.298878
0.217269,0.217269
0.574121,0.574121
0.836000,0.836000
0.661660,0.661660
0.743221,0.743221
0.216197,0.216197
0.366258,0.366258
0.143555,0.143555
0.285177,0.285177
0.794770,0.794770
0.029855,0.029855
0.693968,0.693968
0.612193,0.612193
0.008565,0.008565
0.410826,0.410826
0.620284,0.620284
0.619904,0.619904
0.560032,0.560032
0.535158,0.535158
0.300577,0.300577
0.978641,0.978641
0.709574,0.709574
0.913059,0.913059
0.052214,0.052214
0.129070,0.129070
0.464841,0.464841
0.692415,0.692415
0.919529,0.919529
0.655763,0.655763
0.164832,0.164832
0.052647,0.052647
0.947838,0.947838
0.363988,0.363988
0.237468,0.237468
0.685110,0.685110
0.456390,0.456390
0.813495,0.813495
0.666190,0.666190
0.829278,0.829278
0.941221,0.941221
0.731238,0.731238
0.736090,0.736090
0.466241,0.466241
0.924608,0.924608
0.758554,0.758554
0.981901,0.981901
0.349267,0.349267
0.917810,0.917810
0.351068,0.351068
0.264424,0.264424
0.754678,0.754678
0.999697,0.999697
0.433006,0.433006
0.628752,0.628752
0.253296,0.253296
0.963982,0.963982
0.127371,0.127371
0.927125,0.927125
0.916098,0.916098
0.094265,0.094265
0.089279,0.089279
0.659127,0.659127
0.643511,0.643511
0.034874,0.034874
0.799908,0.799908
0.331856,0.331856
0.661787,0.661787
0.739788,0.739788
0.555976,0.555976
0.613430,0.613430
0.343059,0.343059
0.059726,0.059726
0.136952,0.136952
0.394300,0.394300
0.282093,0.282093
0.458097,0.458097
0.161226,0.161226
0.556113,0.556113
0.783960,0.783960
0.582403,0.582403
0.498855,0.498855
0.415005,0.415005
0.321011,0.321011
0.333903,0.333903
0.061692,0.061692
0.805704,0.805704
0.793799,0.793799
0.303339,0.303339
0.065977,0.065977
0.645609,0.645609
0.520468,0.520468
0.393731,0.393731
0.641997,0.641997
0.697676,0.697676
0.821717,0.821717
0.267453,0.267453
0.836187,0.836187
0.686513,0.686513
0.558260,0.558260
0.518916,0.518916
0.403918,0.403918
0.091898,0.091898
0.585275,0.585275
0.331155,0.331155
0.688427,0.688427
0.941000,0.941000
0.915225,0.915225
0.207960,0.207960
0.186953,0.186953
0.128134,0.128134
0.814756,0.814756
0.045603,0.045603
0.288122,0.288122
0.710986,0.710986
0.237321,0.237321
0.672599,0.672599
0.489988,0.489988
0.282426,0.282426
0.951876,0.951876
0.630091,0.630091
0.770323,0.770323
0.706758,0.706758
0.742560,0.742560
0.926580,0.926580
0.612730,0.612730
0.309132,0.309132
0.970133,0.970133
0.773311,0.773311
0.629833,0.629833
0.046412,0.046412
0.129124,0.129124
0.541802,0.541802
0.295470,0.295470
0.839001,0.839001
0.092756,0.092756
0.692770,0.692770
0.406141,0.406141
0.941067,0.941067
0.927349,0.927349
0.293883,0.293883
0.331147,0.331147
0.402609,0.402609
0.050518,0.050518
0.089506,0.089506
0.276591,0.276591
0.230958,0.230958
0.519980,0.519980
0.162162,0.162162
0.056214,0.056214
0.274770,0.274770
0.790239,0.790239
0.547077,0.547077
0.734510,0.734510
0.864357,0.864357
0.383740,0.383740
0.678361,0.678361
0.731916,0.731916
0.100733,0.100733
0.738290,0.738290
0.045673,0.045673
0.310853,0.310853
0.063007,0.063007
0.085588,0.085588
0.683431,0.683431
0.294197,0.294197
0.776148,0.776148
0.581344,0.581344
0.679056,0.679056
0.055160,0.055160
0.317991,0.317991
0.871845,0.871845
0.848878,0.848878
0.102474,0.102474
0.230531,0.230531
0.853437,0.853437
0.755561,0.755561
0.258666,0.258666
0.128541,0.128541
0.888078,0.888078
0.268897,0.268897
0.026798,0.026798
0.172643,0.172643
0.029165,0.029165
0.836936,0.836936
0.005225,0.005225
0.224033,0.224033
0.471192,0.471192
0.559918,0.559918
0.821043,0.821043
0.245284,0.245284
0.539970,0.539970
0.791631,0.791631
0.030547,0.030547
0.175246,0.175246
0.121157,0.121157
0.893647,0.893647
0.237866,0.237866
0.400707,0.400707
0.785777,0.785777
0.445926,0.445926
0.652030,0.652030
0.418791,0.418791
0.680432,0.680432
0.057584,0.057584
0.326008,0.326008
0.864286,0.864286
0.736216,0.736216
0.233371,0.233371
0.257529,0.257529
0.679467,0.679467
0.794409,0.794409
0.035675,0.035675
0.974909,0.974909
0.846936,0.846936
0.435709,0.435709
0.656643,0.656643
0.661535,0.661535
0.684229,0.684229
0.447955,0.447955
0.343807,0.343807
0.154313,0.154313
0.501934,0.501934
0.112928,0.112928
0.864215,0.864215
0.923317,0.923317
0.951796,0.951796
0.685667,0.685667
0.945617,0.945617
0.235530,0.235530
0.408076,0.408076
0.972732,0.972732
0.818584,0.818584
0.390543,0.390543
0.665374,0.665374
0.761106,0.761106
0.549206,0.549206
0.373985,0.373985
0.639257,0.639257
0.302225,0.302225
0.994799,0.994799
0.820572,0.820572
0.222823,0.222823
0.127132,0.127132
0.746658,0.746658
0.119248,0.119248
0.846742,0.846742
0.493559,0.493559
0.565673,0.565673
0.910402,0.910402
0.670878,0.670878
0.951644,0.951644
0.186809,0.186809
0.201773,0.201773
0.558840,0.558840
0.163872,0.163872
0.225160,0.225160
0.778487,0.778487
0.464291,0.464291
0.951480,0.951480
0.365235,0.365235
0.786072,0.786072
0.748398,0.748398
0.434345,0.434345
0.866819,0.866819
0.200917,0.200917
0.810901,0.810901
0.642667,0.642667
0.144547,0.144547
0.193011,0.193011
0.390981,0.390981
0.913765,0.913765
0.566802,0.566802
0.545377,0.545377
0.292878,0.292878
0.946732,0.946732
0.883906,0.883906
0.987683,0.987683
0.154067,0.154067
0.906908,0.906908
0.509429,0.509429
0.838359,0.838359
0.615975,0.615975
0.388302,0.388302
0.010339,0.010339
0.982578,0.982578
0.847993,0.847993
0.015580,0.015580
0.708609,0.708609
0.166242,0.166242
0.404791,0.404791
0.966171,0.966171
0.851563,0.851563
0.041863,0.041863
0.640776,0.640776
0.759848,0.759848
0.127907,0.127907
0.505629,0.505629
0.183687,0.183687
0.463012,0.463012
0.111028,0.111028
0.963533,0.963533
0.675368,0.675368
0.669435,0.669435
0.253924,0.253924
0.958255,0.958255
0.332042,0.332042
0.119165,0.119165
0.572205,0.572205
0.301102,0.301102
0.326637,0.326637
0.419597,0.419597
0.430433,0.430433
0.809320,0.809320
0.068182,0.068182
0.607955,0.607955
0.973078,0.973078
0.620906,0.620906
0.435978,0.435978
0.951949,0.951949
0.292816,0.292816
0.451342,0.451342
0.395515,0.395515
0.945000,0.945000
0.705547,0.705547
0.216068,0.216068
0.382821,0.382821
0.928784,0.928784
0.004427,0.004427
0.693693,0.693693
0.911691,0.911691
0.193069,0.193069
0.965864,0.965864
0.036265,0.036265
0.013038,0.013038
0.641677,0.641677
0.536124,0.536124
0.063820,0.063820
0.996319,0.996319
0.417933,0.417933
0.735075,0.735075
0.305883,0.305883
0.259508,0.259508
0.153610,0.153610
0.129183,0.129183
0.950987,0.950987
0.730959,0.730959
0.693952,0.693952
0.473762,0.473762
0.492801,0.492801
0.842749,0.842749
0.936945,0.936945
0.465577,0.465577
0.443788,0.443788
0.344935,0.344935
0.786988,0.786988
0.508715,0.508715
0.015454,0.015454
0.043980,0.043980
0.904850,0.904850
0.267173,0.267173
0.758645,0.758645
0.861669,0.861669
0.298092,0.298092
0.738248,0.738248
0.910690,0.910690
0.531611,0.531611
0.265679,0.265679
0.515946,0.515946
0.919820,0.919820
0.617314,0.617314
0.825448,0.825448
0.707755,0.707755
0.814307,0.814307
0.123385,0.123385
0.962121,0.962121
0.794900,0.794900
0.419497,0.419497
0.467646,0.467646
0.101595,0.101595
0.053074,0.053074
0.949887,0.949887
0.484628,0.484628
0.151909,0.151909
0.314558,0.314558
0.959614,0.959614
0.306754,0.306754
0.315387,0.315387
0.361889,0.361889
0.390323,0.390323
0.347175,0.347175
0.437211,0.437211
0.421181,0.421181
0.568998,0.568998
0.912143,0.912143
0.772320,0.772320
0.273870,0.273870
0.201217,0.201217
0.075019,0.075019
0.218388,0.218388
0.698888,0.698888
0.437451,0.437451
0.460907,0.460907
0.977470,0.977470
0.937155,0.937155
0.520908,0.520908
0.376308,0.376308
0.874385,0.874385
0.836469,0.836469
0.431802,0.431802
0.372676,0.372676
0.123933,0.123933
0.562501,0.562501
0.698055,0.698055
0.758663,0.758663
0.106137,0.106137
0.001577,0.001577
0.646913,0.646913
0.138004,0.138004
0.317950,0.317950
0.381944,0.381944
0.055013,0.055013
0.019400,0.019400
0.345674,0.345674
0.006019,0.006019
0.775522,0.775522
0.985794,0.985794
0.801333,0.801333
0.021635,0.021635
0.494254,0.494254
0.403049,0.403049
0.182287,0.182287
0.564976,0.564976
0.515255,0.515255
0.639268,0.639268
0.747012,0.747012
0.774240,0.774240
0.175452,0.175452
0.636351,0.636351
0.322972,0.322972
0.305169,0.305169
0.184121,0.184121
0.173937,0.173937
0.528605,0.528605
0.085926,0.085926
0.348863,0.348863
0.290019,0.290019
0.069389,0.069389
0.025744,0.025744
0.257523,0.257523
0.976575,0.976575
0.886646,0.886646
0.336010,0.336010
0.962588,0.962588
0.099010,0.099010
0.964058,0.964058
0.055693,0.055693
0.932914,0.932914
0.321067,0.321067
0.036790,0.036790
0.893452,0.893452
0.187664,0.187664
0.532885,0.532885
0.020640,0.020640
0.625830,0.625830
0.690358,0.690358
0.664880,0.664880
0.929304,0.929304
0.331533,0.331533
0.695114,0.695114
0.315191,0.315191
0.148351,0.148351
0.757625,0.757625
0.032450,0.032450
0.602080,0.602080
0.177271,0.177271
0.963412,0.963412
0.007078,0.007078
0.673223,0.673223
0.066478,0.066478
0.791374,0.791374
0.424999,0.424999
0.717668,0.717668
0.391551,0.391551
0.418639,0.418639
0.601732,0.601732
0.347808,0.347808
0.647916,0.647916
0.647918,0.647918
0.348239,0.348239
0.103347,0.103347
0.171119,0.171119
0.872733,0.872733
0.624476,0.624476
0.559617,0.559617
0.462475,0.462475
0.885571,0.885571
0.003339,0.003339
0.052428,0.052428
0.826827,0.826827
0.720676,0.720676
0.561821,0.561821
0.916165,0.916165
0.909044,0.909044
0.273803,0.273803
0.343618,0.343618
0.999327,0.999327
0.944248,0.944248
0.823709,0.823709
0.288125,0.288125
0.211600,0.211600
0.619326,0.619326
0.261806,0.261806
0.079093,0.079093
0.111397,0.111397
0.619525,0.619525
0.692057,0.692057
0.985699,0.985699
0.391541,0.391541
0.399643,0.399643
0.590652,0.590652
0.189177,0.189177
0.468009,0.468009
0.161319,0.161319
0.793332,0.793332
0.439478,0.439478
0.337587,0.337587
0.253017,0.253017
0.174132,0.174132
0.561619,0.561619
0.306511,0.306511
0.866441,0.866441
0.056107,0.056107
0.495114,0.495114
0.451124,0.451124
0.898351,0.898351
0.971952,0.971952
0.747859,0.747859
0.896875,0.896875
0.563145,0.563145
0.697380,0.697380
0.115588,0.115588
0.435474,0.435474
0.136604,0.136604
0.761271,0.761271
0.804878,0.804878
0.262735,0.262735
0.670844,0.670844
0.228589,0.228589
0.637916,0.637916
0.640102,0.640102
0.276349,0.276349
0.706488,0.706488
0.737708,0.737708
0.295824,0.295824
0.097114,0.097114
0.965210,0.965210
0.878266,0.878266
0.649780,0.649780
0.701405,0.701405
0.530472,0.530472
0.207120,0.207120
0.559341,0.559341
0.477409,0.477409
0.581344,0.581344
0.691495,0.691495
0.392825,0.392825
0.214644,0.214644
0.757916,0.757916
0.898018,0.898018
0.840826,0.840826
0.508080,0.508080
0.233469,0.233469
0.111568,0.111568
0.868413,0.868413
0.927407,0.927407
0.106634,0.106634
0.079493,0.079493
0.044011,0.044011
0.681656,0.681656
0.344674,0.344674
0.006291,0.006291
0.611824,0.611824
0.615192,0.615192
0.937899,0.937899
0.591302,0.591302
0.077562,0.077562
0.010599,0.010599
0.975292,0.975292
0.515774,0.515774
0.121279,0.121279
0.914547,0.914547
0.182035,0.182035
0.144092,0.144092
0.162894,0.162894
0.387374,0.387374
0.221491,0.221491
0.979148,0.979148
0.664010,0.664010
0.193716,0.193716
0.616676,0.616676
0.490086,0.490086
0.253124,0.253124
0.061587,0.061587
0.757720,0.757720
0.004016,0.004016
0.282412,0.282412
0.105701,0.105701
0.119061,0.119061
0.785714,0.785714
0.490457,0.490457
0.484260,0.484260
0.324459,0.324459
0.574821,0.574821
0.298996,0.298996
0.289800,0.289800
0.959394,0.959394
0.658946,0.658946
0.541470,0.541470
0.587774,0.587774
0.418193,0.418193
0.701761,0.701761
0.771076,0.771076
0.987677,0.987677
0.829010,0.829010
0.986764,0.986764
0.033398,0.033398
0.457792,0.457792
0.853757,0.853757
0.888446,0.888446
0.480113,0.480113
0.669975,0.669975
0.548791,0.548791
0.684982,0.684982
0.763238,0.763238
0.180448,0.180448
0.695199,0.695199
0.499864,0.499864
0.225024,0.225024
0.586671,0.586671
0.402901,0.402901
0.706153,0.706153
0.992087,0.992087
0.904993,0.904993
0.332748,0.332748
0.679073,0.679073
0.720955,0.720955
0.681832,0.681832
0.182456,0.182456
0.198070,0.198070
0.680624,0.680624
0.509846,0.509846
0.247532,0.247532
0.320277,0.320277
0.177694,0.177694
0.914445,0.914445
0.917114,0.917114
0.384394,0.384394
0.868140,0.868140
0.651235,0.651235
0.812994,0.812994
0.119140,0.119140
0.676219,0.676219
0.696901,0.696901
0.412096,0.412096
0.279439,0.279439
0.410229,0.410229
0.210996,0.210996
0.568760,0.568760
0.570731,0.570731
0.698179,0.698179
0.955283,0.955283
0.017859,0.017859
0.835698,0.835698
0.437913,0.437913
0.651663,0.651663
0.565799,0.565799
0.892678,0.892678
0.046480,0.046480
0.791194,0.791194
0.744362,0.744362
0.326431,0.326431
0.906567,0.906567
0.031863,0.031863
0.101815,0.101815
0.480829,0.480829
0.544714,0.544714
0.092972,0.092972
0.815278,0.815278
0.750353,0.750353
0.253007,0.253007
0.817808,0.817808
0.614118,0.614118
0.841578,0.841578
0.231753,0.231753
0.805832,0.805832
0.321107,0.321107
0.559791,0.559791
0.215398,0.215398
0.246327,0.246327
0.536879,0.536879
0.194173,0.194173
0.615750,0.615750
0.737005,0.737005
0.062306,0.062306
0.663214,0.663214
0.089577,0.089577
0.749868,0.749868
0.133192,0.133192
0.345606,0.345606
0.837832,0.837832
0.959669,0.959669
0.851652,0.851652
0.303898,0.303898
0.367773,0.367773
0.325003,0.325003
0.695000,0.695000
0.126440,0.126440
0.573415,0.573415
0.876941,0.876941
0.313660,0.313660
0.354752,0.354752
0.777064,0.777064
0.624406,0.624406
0.929876,0.929876
0.163485,0.163485
0.704757,0.704757
0.741380,0.741380
0.128021,0.128021
0.049567,0.049567
0.368788,0.368788
0.645046,0.645046
0.794720,0.794720
0.308591,0.308591
0.116798,0.116798
0.485220,0.485220
0.467891,0.467891
0.914627,0.914627
0.994108,0.994108
0.438198,0.438198
0.730227,0.730227
0.248241,0.248241
0.092806,0.092806
0.932833,0.932833
0.338499,0.338499
0.177476,0.177476
0.949608,0.949608
0.741358,0.741358
0.767111,0.767111
0.856269,0.856269
0.101764,0.101764
0.298449,0.298449
0.446162,0.446162
0.208731,0.208731
0.469842,0.469842
0.490158,0.490158
0.936097,0.936097
0.321908,0.321908
0.543476,0.543476
0.429387,0.429387
0.349755,0.349755
0.581941,0.581941
0.265461,0.265461
0.813389,0.813389
0.806926,0.806926
0.505767,0.505767
0.641892,0.641892
0.355492,0.355492
0.437001,0.437001
0.304844,0.304844
0.278010,0.278010
0.990295,0.990295
0.941023,0.941023
0.191164,0.191164
0.573829,0.573829
0.547999,0.547999
0.029037,0.029037
0.823138,0.823138
0.985581,0.985581
0.333114,0.333114
0.419623,0.419623
0.632528,0.632528
0.847917,0.847917
0.230727,0.230727
0.657668,0.657668
0.081915,0.081915
0.846740,0.846740
0.065129,0.065129
0.130143,0.130143
0.769978,0.769978
0.981101,0.981101
0.242791,0.242791
0.929428,0.929428
0.584147,0.584147
0.113699,0.113699
0.798303,0.798303
0.592379,0.592379
0.000239,0.000239
0.963911,0.963911
0.197324,0.197324
0.877233,0.877233
0.148712,0.148712
0.138044,0.138044
0.906840,0.906840
0.565156,0.565156
0.024168,0.024168
0.267901,0.267901
0.277327,0.277327
0.206386,0.206386
0.661087,0.661087
0.705718,0.705718
0.117579,0.117579
0.377504,0.377504
0.469606,0.469606
0.249784,0.249784
0.794911,0.794911
0.845570,0.845570
0.470073,0.470073
0.704626,0.704626
0.040384,0.040384
0.299891,0.299891
0.130734,0.130734
0.610842,0.610842
0.133021,0.133021
0.630647,0.630647
0.567537,0.567537
0.712978,0.712978
0.624607,0.624607
0.164288,0.164288
0.326121,0.326121
0.037533,0.037533
0.844465,0.844465
0.962248,0.962248
0.190410,0.190410
0.553475,0.553475
0.690442,0.690442
0.129366,0.129366
0.170368,0.170368
0.115489,0.115489
0.987836,0.987836
0.424291,0.424291
0.988734,0.988734
0.949208,0.949208
0.067737,0.067737
0.494396,0.494396
0.325056,0.325056
0.568908,0.568908
0.408748,0.408748
0.997417,0.997417
0.279854,0.279854
0.799209,0.799209
0.772273,0.772273
0.442776,0.442776
0.502369,0.502369
0.984712,0.984712
0.158028,0.158028
0.635445,0.635445
0.778755,0.778755
0.751479,0.751479
0.068029,0.068029
0.494241,0.494241
0.558621,0.558621
0.130358,0.130358
0.164469,0.164469
0.099167,0.099167
0.740516,0.740516
0.415320,0.415320
0.895332,0.895332
0.216707,0.216707
0.812662,0.812662
0.238588,0.238588
0.547764,0.547764
0.595927,0.595927
0.798886,0.798886
0.334386,0.334386
0.194308,0.194308
0.560536,0.560536
0.218665,0.218665
0.139856,0.139856
0.815030,0.815030
0.746522,0.746522
0.352416,0.352416
0.472949,0.472949
0.197614,0.197614
0.925243,0.925243
0.683948,0.683948
0.204875,0.204875
0.251721,0.251721
0.039736,0.039736
0.023216,0.023216
0.290899,0.290899
0.790598,0.790598
0.528348,0.528348
0.915999,0.915999
0.512210,0.512210
0.209944,0.209944
0.180389,0.180389
0.811163,0.811163
0.206427,0.206427
0.552076,0.552076
0.057079,0.057079
0.418600,0.418600
0.055644,0.055644
0.533837,0.533837
0.984057,0.984057
0.554308,0.554308
0.196092,0.196092
0.759602,0.759602
0.504061,0.504061
0.735016,0.735016
0.741584,0.741584
0.552198,0.552198
0.018236,0.018236
0.729003,0.729003
0.991562,0.991562
0.653359,0.653359
0.361476,0.361476
0.341208,0.341208
0.594292,0.594292
0.902739,0.902739
0.425799,0.425799
0.197434,0.197434
0.271304,0.271304
0.655547,0.655547
0.467284,0.467284
0.152755,0.152755
0.800716,0.800716
0.919973,0.919973
0.018122,0.018122
0.729877,0.729877
0.729689,0.729689
0.335912,0.335912
0.752752,0.752752
0.953781,0.953781
0.457703,0.457703
0.800715,0.800715
0.445234,0.445234
0.602974,0.602974
0.005397,0.005397
0.715319,0.715319
0.759296,0.759296
0.811541,0.811541
0.243544,0.243544
0.263750,0.263750
0.681179,0.681179
0.206894,0.206894
0.299389,0.299389
0.379949,0.379949
0.350671,0.350671
0.413545,0.413545
0.754762,0.754762
0.919714,0.919714
0.481234,0.481234
0.460681,0.460681
0.928927,0.928927
0.936663,0.936663
0.477251,0.477251
0.266629,0.266629
0.966246,0.966246
0.602055,0.602055
0.610310,0.610310
0.087821,0.087821
0.930259,0.930259
0.319305,0.319305
0.927482,0.927482
0.974670,0.974670
0.806768,0.806768
0.358448,0.358448
0.297165,0.297165
0.435835,0.435835
0.483135,0.483135
0.596310,0.596310
0.850440,0.850440
0.751324,0.751324
0.086497,0.086497
0.467151,0.467151
0.237214,0.237214
0.274638,0.274638
0.028057,0.028057
0.728772,0.728772
0.490526,0.490526
0.942862,0.942862
0.028715,0.028715
0.267430,0.267430
0.814187,0.814187
0.918316,0.918316
0.985852,0.985852
0.342693,0.342693
0.078814,0.078814
0.623766,0.623766
0.502616,0.502616
0.266765,0.266765
0.358221,0.358221
0.086224,0.086224
0.908379,0.908379
0.071327,0.071327
0.519247,0.519247
0.552659,0.552659
0.828304,0.828304
0.876170,0.876170
0.002172,0.002172
0.514477,0.514477
0.940389,0.940389
0.916144,0.916144
0.979953,0.979953
0.616605,0.616605
0.444587,0.444587
0.459525,0.459525
0.240488,0.240488
0.084365,0.084365
0.739037,0.739037
0.605613,0.605613
0.851866,0.851866
0.683939,0.683939
0.249977,0.249977
0.700981,0.700981
0.732549,0.732549
0.996951,0.996951
0.964085,0.964085
0.130690,0.130690
0.453344,0.453344
0.394723,0.394723
0.705667,0.705667
0.093692,0.093692
0.199047,0.199047
0.306780,0.306780
0.845874,0.845874
0.919824,0.919824
0.016658,0.016658
0.637271,0.637271
0.064777,0.064777
0.414211,0.414211
0.050032,0.050032
0.402121,0.402121
0.223846,0.223846
0.013352,0.013352
0.894575,0.894575
0.318449,0.318449
0.166559,0.166559
0.954251,0.954251
0.870740,0.870740
0.399204,0.399204
0.163932,0.163932
0.939441,0.939441
0.444890,0.444890
0.791960,0.791960
0.833760,0.833760
0.550698,0.550698
0.675103,0.675103
0.028071,0.028071
0.700281,0.700281
0.324604,0.324604
0.659514,0.659514
0.099847,0.099847
0.110123,0.110123
0.723671,0.723671
0.094654,0.094654
0.691547,0.691547
0.599495,0.599495
0.444287,0.444287
0.376477,0.376477
0.246949,0.246949
0.075277,0.075277
0.436701,0.436701
0.464992,0.464992
0.924835,0.924835
0.838302,0.838302
0.513928,0.513928
0.296731,0.296731
0.163721,0.163721
0.144199,0.144199
0.973633,0.973633
0.307495,0.307495
0.129346,0.129346
0.611679,0.611679
0.529554,0.529554
0.233635,0.233635
0.791158,0.791158
0.610659,0.610659
0.937729,0.937729
0.229891,0.229891
0.979225,0.979225
0.609095,0.609095
0.049265,0.049265
0.460545,0.460545
0.929146,0.929146
0.573700,0.573700
0.056641,0.056641
0.766760,0.766760
0.612894,0.612894
0.128928,0.128928
0.889492,0.889492
0.200422,0.200422
0.781596,0.781596
0.772597,0.772597
0.794864,0.794864
0.814076,0.814076
0.476071,0.476071
0.692182,0.692182
0.862314,0.862314
0.663921,0.663921
0.716471,0.716471
0.248452,0.248452
0.925027,0.925027
0.759178,0.759178
0.723781,0.723781
0.703135,0.703135
0.591840,0.591840
0.895930,0.895930
0.891281,0.891281
0.055015,0.055015
0.022369,0.022369
0.045179,0.045179
0.688470,0.688470
0.928430,0.928430
0.117192,0.117192
0.122583,0.122583
0.790261,0.790261
0.454683,0.454683
0.764086,0.764086
0.283991,0.283991
0.440127,0.440127
0.374714,0.374714
0.783258,0.783258
0.955635,0.955635
0.188258,0.188258
0.277767,0.277767
0.715404,0.715404
0.821971,0.821971
0.976501,0.976501
0.032053,0.032053
0.956200,0.956200
0.184061,0.184061
0.841149,0.841149
0.482847,0.482847
0.285619,0.285619
0.618399,0.618399
0.813190,0.813190
0.577912,0.577912
0.753539,0.753539
0.786103,0.786103
0.763202,0.763202
0.149860,0.149860
0.475255,0.475255
0.082502,0.082502
0.432424,0.432424
0.502469,0.502469
0.118629,0.118629
0.241791,0.241791
0.962447,0.962447
0.266208,0.266208
0.151915,0.151915
0.948011,0.948011
0.532411,0.532411
0.318408,0.318408
0.273325,0.273325
0.783227,0.783227
0.473040,0.473040
0.489679,0.489679
0.723985,0.723985
0.557326,0.557326
0.991600,0.991600
0.024095,0.024095
0.238185,0.238185
0.254520,0.254520
0.721832,0.721832
0.439662,0.439662
0.895121,0.895121
0.970127,0.970127
0.859232,0.859232
0.328225,0.328225
0.081937,0.081937
0.323492,0.323492
0.644628,0.644628
0.680833,0.680833
0.883777,0.883777
0.966129,0.966129
0.937632,0.937632
0.533920,0.533920
0.327915,0.327915
0.015662,0.015662
0.680661,0.680661
0.601130,0.601130
0.165673,0.165673
0.404099,0.404099
0.565881,0.565881
0.561248,0.561248
0.225135,0.225135
0.747501,0.747501
0.934931,0.934931
0.945492,0.945492
0.559037,0.559037
0.315612,0.315612
0.712756,0.712756
0.052209,0.052209
0.682640,0.682640
0.591057,0.591057
0.548719,0.548719
0.877624,0.877624
0.214098,0.214098
0.614224,0.614224
0.224341,0.224341
0.911177,0.911177
0.290651,0.290651
0.533780,0.533780
0.043526,0.043526
0.096849,0.096849
0.712664,0.712664
0.745341,0.745341
0.788681,0.788681
0.038884,0.038884
0.648104,0.648104
0.479577,0.479577
0.014045,0.014045
0.919012,0.919012
0.442202,0.442202
0.777311,0.777311
0.529380,0.529380
0.534516,0.534516
0.579204,0.579204
0.058768,0.058768
0.908847,0.908847
0.301520,0.301520
0.675762,0.675762
0.261310,0.261310
0.377017,0.377017
0.427501,0.427501
0.216266,0.216266
0.421681,0.421681
0.186641,0.186641
0.746180,0.746180
0.709732,0.709732
0.516392,0.516392
0.852512,0.852512
0.560015,0.560015
0.804772,0.804772
0.756299,0.756299
0.628413,0.628413
0.842084,0.842084
0.426664,0.426664
0.671677,0.671677
0.275334,0.275334
0.672787,0.672787
0.298827,0.298827
0.003743,0.003743
0.897109,0.897109
0.385211,0.385211
0.513996,0.513996
0.430288,0.430288
0.845260,0.845260
0.466259,0.466259
0.586019,0.586019
0.932084,0.932084
0.641784,0.641784
0.089781,0.089781
0.159522,0.159522
0.560732,0.560732
0.342179,0.342179
0.044433,0.044433
0.477657,0.477657
0.197309,0.197309
0.663784,0.663784
0.698182,0.698182
0.471619,0.471619
0.874201,0.874201
0.316369,0.316369
0.156484,0.156484
0.428703,0.428703
0.051253,0.051253
0.035837,0.035837
0.712493,0.712493
0.545102,0.545102
0.819185,0.819185
0.063695,0.063695
0.213573,0.213573
0.971461,0.971461
0.348325,0.348325
0.886764,0.886764
0.058262,0.058262
0.201718,0.201718
0.144512,0.144512
0.700412,0.700412
0.517439,0.517439
0.279028,0.279028
0.738873,0.738873
0.590333,0.590333
0.103831,0.103831
0.682177,0.682177
0.106150,0.106150
0.682037,0.682037
0.503699,0.503699
0.408047,0.408047
0.369538,0.369538
0.386335,0.386335
0.761124,0.761124
0.298482,0.298482
0.855026,0.855026
0.732658,0.732658
0.294588,0.294588
0.823399,0.823399
0.683678,0.683678
0.645247,0.645247
0.236452,0.236452
0.632941,0.632941
0.483213,0.483213
0.999611,0.999611
0.943744,0.943744
0.562195,0.562195
0.632077,0.632077
0.294443,0.294443
0.600478,0.600478
0.617430,0.617430
0.959745,0.959745
0.381253,0.381253
0.059450,0.059450
0.543193,0.543193
0.903663,0.903663
0.661518,0.661518
0.047389,0.047389
0.489568,0.489568
0.904140,0.904140
0.645930,0.645930
0.461794,0.461794
0.860458,0.860458
0.261978,0.261978
0.580427,0.580427
0.176518,0.176518
0.080776,0.080776
0.857506,0.857506
0.928974,0.928974
0.081145,0.081145
0.302519,0.302519
0.732593,0.732593
0.905098,0.905098
0.442808,0.442808
0.106794,0.106794
0.379581,0.379581
0.315814,0.315814
0.687691,0.687691
0.403183,0.403183
0.428081,0.428081
0.961653,0.961653
0.053269,0.053269
0.942791,0.942791
0.822850,0.822850
0.163292,0.163292
0.890297,0.890297
0.402782,0.402782
0.040373,0.040373
0.330658,0.330658
0.899529,0.899529
0.837423,0.837423
0.123934,0.123934
0.874320,0.874320
0.470285,0.470285
0.828498,0.828498
0.580075,0.580075
0.695231,0.695231
0.719617,0.719617
0.133144,0.133144
0.715808,0.715808
0.573385,0.573385
0.230160,0.230160
0.326948,0.326948
0.480349,0.480349
0.107205,0.107205
0.163130,0.163130
0.513910,0.513910
0.323426,0.323426
0.829472,0.829472
0.191895,0.191895
0.400840,0.400840
0.526503,0.526503
0.721155,0.721155
0.994538,0.994538
0.201464,0.201464
0.836859,0.836859
0.707067,0.707067
0.925579,0.925579
0.313339,0.313339
0.208201,0.208201
0.780648,0.780648
0.018514,0.018514
0.779197,0.779197
0.954885,0.954885
0.351719,0.351719
0.122522,0.122522
0.064682,0.064682
0.369836,0.369836
0.425221,0.425221
0.373312,0.373312
0.563568,0.563568
0.533573,0.533573
0.191345,0.191345
0.362041,0.362041
0.018820,0.018820
0.458672,0.458672
0.962970,0.962970
0.911927,0.911927
0.810703,0.810703
0.160278,0.160278
0.534930,0.534930
0.913841,0.913841
0.299298,0.299298
0.993521,0.993521
0.389618,0.389618
0.430079,0.430079
0.404410,0.404410
0.715716,0.715716
0.338559,0.338559
0.390894,0.390894
0.007311,0.007311
0.735074,0.735074
0.092723,0.092723
0.194993,0.194993
0.101573,0.101573
0.876312,0.876312
0.315893,0.315893
0.950306,0.950306
0.823691,0.823691
0.596088,0.596088
0.318797,0.318797
0.036432,0.036432
0.177745,0.177745
0.282323,0.282323
0.919921,0.919921
0.087344,0.087344
0.925543,0.925543
0.925166,0.925166
0.750140,0.750140
0.858264,0.858264
0.434839,0.434839
0.501201,0.501201
0.155121,0.155121
0.590956,0.590956
0.101818,0.101818
0.807211,0.807211
0.618874,0.618874
0.723366,0.723366
0.418687,0.418687
0.541415,0.541415
0.465169,0.465169
0.911339,0.911339
0.277312,0.277312
0.004445,0.004445
0.771530,0.771530
0.441552,0.441552
0.408799,0.408799
0.041192,0.041192
0.208185,0.208185
0.347354,0.347354
0.532291,0.532291
0.066014,0.066014
0.982613,0.982613
0.656016,0.656016
0.668914,0.668914
0.729550,0.729550
0.832513,0.832513
0.986824,0.986824
0.986523,0.986523
0.467827,0.467827
0.187082,0.187082
0.108731,0.108731
0.894759,0.894759
0.198817,0.198817
0.566995,0.566995
0.589074,0.589074
0.261572,0.261572
0.967297,0.967297
0.958044,0.958044
0.366990,0.366990
0.693836,0.693836
0.368283,0.368283
0.037879,0.037879
0.112814,0.112814
0.828497,0.828497
0.718909,0.718909
0.057723,0.057723
0.375651,0.375651
0.605243,0.605243
0.721105,0.721105
0.455279,0.455279
0.451539,0.451539
0.327773,0.327773
0.622790,0.622790
0.757644,0.757644
0.286192,0.286192
0.578108,0.578108
0.795568,0.795568
0.944022,0.944022
0.443116,0.443116
0.555931,0.555931
0.575996,0.575996
0.534226,0.534226
0.440868,0.440868
0.083939,0.083939
0.648090,0.648090
0.283671,0.283671
0.602249,0.602249
0.906146,0.906146
0.544053,0.544053
0.485012,0.485012
0.125970,0.125970
0.316582,0.316582
0.373444,0.373444
0.857564,0.857564
0.838425,0.838425
0.829362,0.829362
0.451359,0.451359
0.764125,0.764125
0.817230,0.817230
0.335473,0.335473
0.801413,0.801413
0.055425,0.055425
0.464096,0.464096
0.441459,0.441459
0.953963,0.953963
0.522246,0.522246
0.321529,0.321529
0.257779,0.257779
0.329037,0.329037
0.299658,0.299658
0.066489,0.066489
0.800889,0.800889
0.768307,0.768307
0.705252,0.705252
0.725510,0.725510
0.273676,0.273676
0.369314,0.369314
0.243107,0.243107
0.603910,0.603910
0.254387,0.254387
0.872681,0.872681
0.442576,0.442576
0.188101,0.188101
0.932787,0.932787
0.254022,0.254022
0.175665,0.175665
0.842230,0.842230
0.169117,0.169117
0.782656,0.782656
0.183008,0.183008
0.664733,0.664733
0.830693,0.830693
0.162076,0.162076
0.707444,0.707444
0.934667,0.934667
0.381277,0.381277
0.472327,0.472327
0.685484,0.685484
0.760328,0.760328
0.501860,0.501860
0.021012,0.021012
0.532892,0.532892
0.049711,0.049711
0.128439,0.128439
0.237408,0.237408
0.250935,0.250935
0.600618,0.600618
0.523045,0.523045
0.306853,0.306853
0.967132,0.967132
0.625356,0.625356
0.348580,0.348580
0.592674,0.592674
0.790712,0.790712
0.853296,0.853296
0.922055,0.922055
0.846483,0.846483
0.563832,0.563832
0.096449,0.096449
0.146665,0.146665
0.968764,0.968764
0.890505,0.890505
0.699869,0.699869
0.504212,0.504212
0.366916,0.366916
0.030827,0.030827
0.619601,0.619601
0.729204,0.729204
0.015459,0.015459
0.497045,0.497045
0.612906,0.612906
0.075477,0.075477
0.272840,0.272840
0.479741,0.479741
0.732655,0.732655
0.682936,0.682936
0.517201,0.517201
0.044550,0.044550
0.879094,0.879094
0.204338,0.204338
0.201060,0.201060
0.847356,0.847356
0.067252,0.067252
0.816167,0.816167
0.499932,0.499932
0.306285,0.306285
0.380939,0.380939
0.778987,0.778987
0.714112,0.714112
0.243445,0.243445
0.436461,0.436461
0.630676,0.630676
0.462636,0.462636
0.922795,0.922795
0.053378,0.053378
0.887391,0.887391
0.953361,0.953361
0.432578,0.432578
0.151200,0.151200
0.042519,0.042519
0.518584,0.518584
0.198072,0.198072
0.123648,0.123648
0.552618,0.552618
0.904776,0.904776
0.169060,0.169060
0.223446,0.223446
0.656247,0.656247
0.282132,0.282132
0.517122,0.517122
0.683225,0.683225
0.340990,0.340990
0.279196,0.279196
0.900332,0.900332
0.369135,0.369135
0.194633,0.194633
0.486406,0.486406
0.646570,0.646570
0.774588,0.774588
0.517967,0.517967
0.250356,0.250356
0.956857,0.956857
0.850748,0.850748
0.515147,0.515147
0.394075,0.394075
0.139392,0.139392
0.796373,0.796373
0.993433,0.993433
0.449954,0.449954
0.104205,0.104205
0.847686,0.847686
0.924003,0.924003
0.993020,0.993020
0.215486,0.215486
0.779361,0.779361
0.561341,0.561341
0.744718,0.744718
0.497288,0.497288
0.581205,0.581205
0.815779,0.815779
0.955526,0.955526
0.256444,0.256444
0.577286,0.577286
0.744103,0.744103
0.797561,0.797561
0.829023,0.829023
0.855197,0.855197
0.707878,0.707878
0.075823,0.075823
0.723792,0.723792
0.001699,0.001699
0.007011,0.007011
0.609623,0.609623
0.084284,0.084284
0.577109,0.577109
0.907420,0.907420
0.248866,0.248866
0.125286,0.125286
0.446169,0.446169
0.911972,0.911972
0.587287,0.587287
0.981794,0.981794
0.192679,0.192679
0.627024,0.627024
0.206475,0.206475
0.447547,0.447547
0.860794,0.860794
0.594423,0.594423
0.543459,0.543459
0.766268,0.766268
0.541287,0.541287
0.697862,0.697862
0.526697,0.526697
0.456981,0.456981
0.778140,0.778140
0.327574,0.327574
0.531339,0.531339
0.081336,0.081336
0.228280,0.228280
0.919957,0.919957
0.421152,0.421152
0.438686,0.438686
0.303624,0.303624
0.735147,0.735147
0.618194,0.618194
0.268991,0.268991
0.574216,0.574216
0.355096,0.355096
0.261703,0.261703
0.885276,0.885276
0.929821,0.929821
0.368288,0.368288
0.257618,0.257618
0.036210,0.036210
0.995670,0.995670
0.509304,0.509304
0.640469,0.640469
0.637046,0.637046
0.543229,0.543229
0.490279,0.490279
0.877016,0.877016
0.890341,0.890341
0.029075,0.029075
0.588539,0.588539
0.350029,0.350029
0.742942,0.742942
0.866570,0.866570
0.856115,0.856115
0.621993,0.621993
0.157882,0.157882
0.989520,0.989520
0.021284,0.021284
0.086829,0.086829
0.181055,0.181055
0.468135,0.468135
0.545358,0.545358
0.356774,0.356774
0.213848,0.213848
0.981992,0.981992
0.932117,0.932117
0.708047,0.708047
0.443395,0.443395
0.440294,0.440294
0.519119,0.519119
0.589829,0.589829
0.386820,0.386820
0.242263,0.242263
0.652163,0.652163
0.752162,0.752162
0.117387,0.117387
0.311657,0.311657
0.937359,0.937359
0.708593,0.708593
0.182472,0.182472
0.214759,0.214759
0.838266,0.838266
0.503095,0.503095
0.859771,0.859771
0.892118,0.892118
0.399668,0.399668
0.571492,0.571492
0.487488,0.487488
0.648768,0.648768
0.135204,0.135204
0.440856,0.440856
0.566539,0.566539
0.192387,0.192387
0.557313,0.557313
0.735924,0.735924
0.797869,0.797869
0.194758,0.194758
0.894403,0.894403
0.695714,0.695714
0.490463,0.490463
0.471478,0.471478
0.199067,0.199067
0.459475,0.459475
0.030055,0.030055
0.894620,0.894620
0.965222,0.965222
0.364945,0.364945
0.151411,0.151411
0.824327,0.824327
0.721474,0.721474
0.756269,0.756269
0.152232,0.152232
0.627466,0.627466
0.484624,0.484624
0.867975,0.867975
0.856927,0.856927
0.004229,0.004229
0.768448,0.768448
0.059917,0.059917
0.035527,0.035527
0.433565,0.433565
0.828378,0.828378
0.954038,0.954038
0.978152,0.978152
0.163250,0.163250
0.327752,0.327752
0.282191,0.282191
0.013117,0.013117
0.161330,0.161330
0.653870,0.653870
0.208541,0.208541
0.075359,0.075359
0.465721,0.465721
0.078472,0.078472
0.532348,0.532348
0.851856,0.851856
0.024774,0.024774
0.179012,0.179012
0.520568,0.520568
0.850077,0.850077
0.791383,0.791383
0.827685,0.827685
0.026454,0.026454
0.925230,0.925230
0.164207,0.164207
0.793388,0.793388
0.255908,0.255908
0.700154,0.700154
0.035948,0.035948
0.366589,0.366589
0.636758,0.636758
0.424652,0.424652
0.244358,0.244358
0.449442,0.449442
0.481902,0.481902
0.974830,0.974830
0.206069,0.206069
0.820501,0.820501
0.854694,0.854694
0.195689,0.195689
0.232379,0.232379
0.307997,0.307997
0.020382,0.020382
0.386686,0.386686
0.902359,0.902359
0.099128,0.099128
0.353618,0.353618
0.547847,0.547847
0.815914,0.815914
0.843725,0.843725
0.613360,0.613360
0.826372,0.826372
0.212958,0.212958
0.615003,0.615003
0.784052,0.784052
0.045097,0.045097
0.625768,0.625768
0.439500,0.439500
0.368065,0.368065
0.434815,0.434815
0.755901,0.755901
0.939828,0.939828
0.573389,0.573389
0.538182,0.538182
0.381949,0.381949
0.541777,0.541777
0.768392,0.768392
0.641032,0.641032
0.864247,0.864247
0.960380,0.960380
0.913268,0.913268
0.017408,0.017408
0.821253,0.821253
0.193295,0.193295
0.167101,0.167101
0.648846,0.648846
0.788686,0.788686
0.640075,0.640075
0.645021,0.645021
0.717711,0.717711
0.975094,0.975094
0.956691,0.956691
0.014658,0.014658
0.352166,0.352166
0.696647,0.696647
0.005935,0.005935
0.994955,0.994955
0.584390,0.584390
0.922388,0.922388
0.819817,0.819817
0.949285,0.949285
0.680644,0.680644
0.772044,0.772044
0.957035,0.957035
0.298888,0.298888
0.771498,0.771498
0.735362,0.735362
0.367826,0.367826
0.392251,0.392251
0.570072,0.570072
0.888504,0.888504
0.086057,0.086057
0.941965,0.941965
0.099644,0.099644
0.554266,0.554266
0.891683,0.891683
0.124385,0.124385
0.698025,0.698025
0.376809,0.376809
0.090332,0.090332
0.471129,0.471129
0.559349,0.559349
0.858277,0.858277
0.195945,0.195945
0.534080,0.534080
0.317886,0.317886
0.420850,0.420850
0.985645,0.985645
0.201909,0.201909
0.211648,0.211648
0.640597,0.640597
0.175508,0.175508
0.825563,0.825563
0.659888,0.659888
0.413976,0.413976
0.303988,0.303988
0.338166,0.338166
0.340996,0.340996
0.605306,0.605306
0.510980,0.510980
0.802204,0.802204
0.896008,0.896008
0.649047,0.649047
0.853224,0.853224
0.448020,0.448020
0.940309,0.940309
0.013907,0.013907
0.523753,0.523753
0.178342,0.178342
0.569020,0.569020
0.573946,0.573946
0.926672,0.926672
0.313406,0.313406
0.392388,0.392388
0.236437,0.236437
0.919621,0.919621
0.240751,0.240751
0.816082,0.816082
0.095067,0.095067
0.895071,0.895071
0.556500,0.556500
0.217950,0.217950
0.889594,0.889594
0.301184,0.301184
0.467309,0.467309
0.863156,0.863156
0.558136,0.558136
0.544760,0.544760
0.050962,0.050962
0.464238,0.464238
0.227766,0.227766
0.581625,0.581625
0.950911,0.950911
0.872096,0.872096
0.956884,0.956884
0.171480,0.171480
0.301420,0.301420
0.376547,0.376547
0.080600,0.080600
0.528045,0.528045
0.253079,0.253079
0.408710,0.408710
0.106936,0.106936
0.070516,0.070516
0.918096,0.918096
0.816691,0.816691
0.088968,0.088968
0.560015,0.560015
0.480730,0.480730
0.838959,0.838959
0.918176,0.918176
0.765023,0.765023
0.228430,0.228430
0.375061,0.375061
0.839278,0.839278
0.741430,0.741430
0.767354,0.767354
0.128515,0.128515
0.553583,0.553583
0.729801,0.729801
0.039302,0.039302
0.500378,0.500378
0.587852,0.587852
0.928855,0.928855
0.839136,0.839136
0.627116,0.627116
0.497923,0.497923
0.149139,0.149139
0.834886,0.834886
0.760225,0.760225
0.110239,0.110239
0.862183,0.862183
0.722497,0.722497
0.158378,0.158378
0.883894,0.883894
0.892665,0.892665
0.936627,0.936627
0.635694,0.635694
0.364381,0.364381
0.387316,0.387316
0.006897,0.006897
0.873665,0.873665
0.667153,0.667153
0.008609,0.008609
0.744601,0.744601
0.904424,0.904424
0.711803,0.711803
0.702584,0.702584
0.127902,0.127902
0.410266,0.410266
0.684697,0.684697
0.673539,0.673539
0.508043,0.508043
0.901240,0.901240
0.602749,0.602749
0.992726,0.992726
0.393133,0.393133
0.687569,0.687569
0.427888,0.427888
0.547080,0.547080
0.285728,0.285728
0.782155,0.782155
0.651750,0.651750
0.281273,0.281273
0.834066,0.834066
0.350314,0.350314
0.833041,0.833041
0.421625,0.421625
0.803152,0.803152
0.404744,0.404744
0.238537,0.238537
0.538188,0.538188
0.670527,0.670527
0.594895,0.594895
0.572667,0.572667
0.237641,0.237641
0.192108,0.192108
0.726705,0.726705
0.211309,0.211309
0.978462,0.978462
0.985118,0.985118
0.195123,0.195123
0.392316,0.392316
0.733916,0.733916
0.631402,0.631402
0.874877,0.874877
0.893012,0.893012
0.311015,0.311015
0.123807,0.123807
0.727286,0.727286
0.337546,0.337546
0.478875,0.478875
0.332315,0.332315
0.816228,0.816228
0.830386,0.830386
0.365833,0.365833
0.317079,0.317079
0.232477,0.232477
0.698755,0.698755
0.938751,0.938751
0.477086,0.477086
0.229210,0.229210
0.946473,0.946473
0.224527,0.224527
0.290375,0.290375
0.887493,0.887493
0.562402,0.562402
0.682236,0.682236
0.866731,0.866731
0.958214,0.958214
0.496422,0.496422
0.793595,0.793595
0.765998,0.765998
0.985411,0.985411
0.835281,0.835281
0.571312,0.571312
0.407007,0.407007
0.203762,0.203762
0.182864,0.182864
0.440317,0.440317
0.640884,0.640884
0.761619,0.761619
0.157755,0.157755
0.826405,0.826405
0.453301,0.453301
0.132651,0.132651
0.937853,0.937853
0.036123,0.036123
0.066462,0.066462
0.057961,0.057961
0.402772,0.402772
0.226818,0.226818
0.442877,0.442877
0.036737,0.036737
0.328274,0.328274
0.244546,0.244546
0.562302,0.562302
0.363139,0.363139
0.629485,0.629485
0.151066,0.151066
0.298534,0.298534
0.425217,0.425217
0.400695,0.400695
0.998023,0.998023
0.448727,0.448727
0.110169,0.110169
0.895944,0.895944
0.760704,0.760704
0.294331,0.294331
0.349725,0.349725
0.363002,0.363002
0.471342,0.471342
0.238711,0.238711
0.448293,0.448293
0.551209,0.551209
0.155229,0.155229
0.933209,0.933209
0.064687,0.064687
0.358933,0.358933
0.530117,0.530117
0.386886,0.386886
0.710854,0.710854
0.317160,0.317160
0.115244,0.115244
0.343527,0.343527
0.541795,0.541795
0.823941,0.823941
0.467276,0.467276
0.953636,0.953636
0.016003,0.016003
0.024090,0.024090
0.842898,0.842898
0.455726,0.455726
0.445689,0.445689
0.136193,0.136193
0.436331,0.436331
0.332361,0.332361
0.237359,0.237359
0.279458,0.279458
0.223563,0.223563
0.989196,0.989196
0.973148,0.973148
0.832369,0.832369
0.836740,0.836740
0.841601,0.841601
0.649737,0.649737
0.118237,0.118237
0.832305,0.832305
0.134575,0.134575
0.177678,0.177678
0.305238,0.305238
0.277591,0.277591
0.844908,0.844908
0.752330,0.752330
0.320288,0.320288
0.012127,0.012127
0.821511,0.821511
0.536060,0.536060
0.751062,0.751062
0.245557,0.245557
0.727668,0.727668
0.833190,0.833190
0.067047,0.067047
0.584789,0.584789
0.342812,0.342812
0.776796,0.776796
0.365489,0.365489
0.891907,0.891907
0.853762,0.853762
0.816723,0.816723
0.595464,0.595464
0.664857,0.664857
0.092396,0.092396
0.477611,0.477611
0.750077,0.750077
0.939235,0.939235
0.655229,0.655229
0.998272,0.998272
0.160063,0.160063
0.537946,0.537946
0.665296,0.665296
0.065615,0.065615
0.018976,0.018976
0.419298,0.419298
0.673311,0.673311
0.153632,0.153632
0.026498,0.026498
0.508146,0.508146
0.236086,0.236086
0.530495,0.530495
0.324428,0.324428
0.151659,0.151659
0.473409,0.473409
0.210124,0.210124
0.757202,0.757202
0.085881,0.085881
0.460799,0.460799
0.397051,0.397051
0.618364,0.618364
0.754441,0.754441
0.570091,0.570091
0.431107,0.431107
0.150055,0.150055
0.269919,0.269919
0.283600,0.283600
0.188641,0.188641
0.989380,0.989380
0.251543,0.251543
0.858895,0.858895
0.830167,0.830167
0.416147,0.416147
0.512459,0.512459
0.587052,0.587052
0.548255,0.548255
0.209978,0.209978
0.440998,0.440998
0.721964,0.721964
0.204870,0.204870
0.641122,0.641122
0.238365,0.238365
0.341966,0.341966
0.335669,0.335669
0.574404,0.574404
0.110007,0.110007
0.840474,0.840474
0.884931,0.884931
0.400000,0.400000
0.100255,0.100255
0.881999,0.881999
0.129435,0.129435
0.069101,0.069101
0.522162,0.522162
0.816860,0.816860
0.858966,0.858966
0.593042,0.593042
0.397337,0.397337
0.965329,0.965329
0.988344,0.988344
0.334424,0.334424
0.203316,0.203316
0.096966,0.096966
0.860059,0.860059
0.601269,0.601269
0.631738,0.631738
0.029188,0.029188
0.618716,0.618716
0.811209,0.811209
0.209083,0.209083
0.248810,0.248810
0.901945,0.901945
0.776962,0.776962
0.078910,0.078910
0.772915,0.772915
0.000851,0.000851
0.489759,0.489759
0.636050,0.636050
0.121512,0.121512
0.413266,0.413266
0.637464,0.637464
0.873950,0.873950
0.879728,0.879728
0.014778,0.014778
0.944004,0.944004
0.188883,0.188883
0.580493,0.580493
0.765353,0.765353
0.946462,0.946462
0.946153,0.946153
0.289808,0.289808
0.640204,0.640204
0.139064,0.139064
0.042353,0.042353
0.245757,0.245757
0.949781,0.949781
0.646073,0.646073
0.713434,0.713434
0.946389,0.946389
0.172651,0.172651
0.244908,0.244908
0.930951,0.930951
0.381351,0.381351
0.871579,0.871579
0.105344,0.105344
0.458722,0.458722
0.180079,0.180079
0.837797,0.837797
0.462585,0.462585
0.408598,0.408598
0.193734,0.193734
0.322910,0.322910
0.101018,0.101018
0.699347,0.699347
0.770911,0.770911
0.210854,0.210854
0.818303,0.818303
0.156016,0.156016
0.411333,0.411333
0.882965,0.882965
0.773676,0.773676
0.445519,0.445519
0.176575,0.176575
0.039152,0.039152
0.379374,0.379374
0.800978,0.800978
0.109595,0.109595
0.835661,0.835661
0.126039,0.126039
0.460102,0.460102
0.237682,0.237682
0.145508,0.145508
0.775297,0.775297
0.186163,0.186163
0.531914,0.531914
0.731455,0.731455
0.748765,0.748765
0.047365,0.047365
0.424035,0.424035
0.015664,0.015664
0.283998,0.283998
0.862597,0.862597
0.719297,0.719297
0.811977,0.811977
0.581569,0.581569
0.669646,0.669646
0.450394,0.450394
0.544842,0.544842
0.576081,0.576081
0.553872,0.553872
0.441209,0.441209
0.785538,0.785538
0.640191,0.640191
0.438409,0.438409
0.004688,0.004688
0.756144,0.756144
0.079272,0.079272
0.570536,0.570536
0.174176,0.174176
0.759528,0.759528
0.620438,0.620438
0.696916,0.696916
0.319277,0.319277
0.075618,0.075618
0.392058,0.392058
0.334603,0.334603
0.461244,0.461244
0.053992,0.053992
0.431960,0.431960
0.050173,0.050173
0.779284,0.779284
0.914358,0.914358
0.329122,0.329122
0.364448,0.364448
0.973642,0.973642
0.082982,0.082982
0.784140,0.784140
0.672340,0.672340
0.990893,0.990893
0.701036,0.701036
0.479771,0.479771
0.438763,0.438763
0.219377,0.219377
0.121690,0.121690
0.022817,0.022817
0.041006,0.041006
0.721626,0.721626
0.995079,0.995079
0.380640,0.380640
0.603365,0.603365
0.503169,0.503169
0.434655,0.434655
0.212052,0.212052
0.013423,0.013423
0.383642,0.383642
0.289276,0.289276
0.333202,0.333202
0.888639,0.888639
0.154353,0.154353
0.777777,0.777777
0.508886,0.508886
0.448671,0.448671
0.937795,0.937795
0.767520,0.767520
0.776047,0.776047
0.044649,0.044649
0.691829,0.691829
0.549791,0.549791
0.950135,0.950135
0.114944,0.114944
0.987368,0.987368
0.311522,0.311522
0.423219,0.423219
0.139366,0.139366
0.253242,0.253242
0.835034,0.835034
0.860035,0.860035
0.257769,0.257769
0.673554,0.673554
0.899660,0.899660
0.660387,0.660387
0.853381,0.853381
0.531142,0.531142
0.274540,0.274540
0.295938,0.295938
0.424861,0.424861
0.971386,0.971386
0.197766,0.197766
0.043112,0.043112
0.934138,0.934138
0.373601,0.373601
0.779528,0.779528
0.940223,0.940223
0.650272,0.650272
0.504413,0.504413
0.534585,0.534585
0.083909,0.083909
0.175003,0.175003
0.188728,0.188728
0.991139,0.991139
0.631259,0.631259
0.228780,0.228780
0.153617,0.153617
0.319433,0.319433
0.072398,0.072398
0.898854,0.898854
0.102059,0.102059
0.253314,0.253314
0.897137,0.897137
0.762517,0.762517
0.347516,0.347516
0.844084,0.844084
0.303137,0.303137
0.437754,0.437754
0.225250,0.225250
0.572825,0.572825
0.698175,0.698175
0.099429,0.099429
0.965048,0.965048
0.643491,0.643491
0.048068,0.048068
0.975623,0.975623
0.365891,0.365891
0.590427,0.590427
0.164363,0.164363
0.579068,0.579068
0.159310,0.159310
0.337732,0.337732
0.428054,0.428054
0.734166,0.734166
0.388275,0.388275
0.927640,0.927640
0.528340,0.528340
0.610219,0.610219
0.531091,0.531091
0.413489,0.413489
0.027171,0.027171
0.990975,0.990975
0.662343,0.662343
0.031216,0.031216
0.680361,0.680361
0.137308,0.137308
0.317980,0.317980
0.326732,0.326732
0.245877,0.245877
0.036279,0.036279
0.706446,0.706446
0.272951,0.272951
0.559931,0.559931
0.397028,0.397028
0.363129,0.363129
0.417734,0.417734
0.669323,0.669323
0.606055,0.606055
0.425138,0.425138
0.419372,0.419372
0.154979,0.154979
0.653542,0.653542
0.770265,0.770265
0.666091,0.666091
0.850168,0.850168
0.025966,0.025966
0.833137,0.833137
0.978687,0.978687
0.206456,0.206456
0.983212,0.983212
0.203770,0.203770
0.730479,0.730479
0.050821,0.050821
0.781171,0.781171
0.895622,0.895622
0.055177,0.055177
0.930172,0.930172
0.030869,0.030869
0.904241,0.904241
0.533350,0.533350
0.915045,0.915045
0.138517,0.138517
0.692355,0.692355
0.936206,0.936206
0.604127,0.604127
0.909145,0.909145
0.416277,0.416277
0.892353,0.892353
0.700987,0.700987
0.655813,0.655813
0.634150,0.634150
0.077029,0.077029
0.239842,0.239842
0.691764,0.691764
0.749079,0.749079
0.668277,0.668277
0.478540,0.478540
0.577538,0.577538
0.918948,0.918948
0.129450,0.129450
0.333549,0.333549
0.042138,0.042138
0.510770,0.510770
0.438962,0.438962
0.824292,0.824292
0.941995,0.941995
0.640423,0.640423
0.370190,0.370190
0.204123,0.204123
0.330099,0.330099
0.492687,0.492687
0.819210,0.819210
0.882420,0.882420
0.917695,0.917695
0.738556,0.738556
0.582283,0.582283
0.910436,0.910436
0.352554,0.352554
0.783272,0.783272
0.813114,0.813114
0.097554,0.097554
0.096906,0.096906
0.536080,0.536080
0.651104,0.651104
0.040622,0.040622
0.716639,0.716639
0.358443,0.358443
0.242742,0.242742
0.592484,0.592484
0.670339,0.670339
0.326330,0.326330
0.683021,0.683021
0.387853,0.387853
0.902740,0.902740
0.405452,0.405452
0.573813,0.573813
0.098298,0.098298
0.704133,0.704133
0.603398,0.603398
0.192487,0.192487
0.995104,0.995104
0.768039,0.768039
0.341607,0.341607
0.598055,0.598055
0.285169,0.285169
0.157606,0.157606
0.469665,0.469665
0.430015,0.430015
0.803213,0.803213
0.350396,0.350396
0.898945,0.898945
0.915158,0.915158
0.569488,0.569488
0.462308,0.462308
0.761409,0.761409
0.439301,0.439301
0.656222,0.656222
0.773363,0.773363
0.741758,0.741758
0.196239,0.196239
0.953511,0.953511
0.696786,0.696786
0.294626,0.294626
0.457838,0.457838
0.316485,0.316485
0.476037,0.476037
0.405926,0.405926
0.196078,0.196078
0.419315,0.419315
0.647651,0.647651
0.489533,0.489533
0.821158,0.821158
0.370710,0.370710
0.017706,0.017706
0.628177,0.628177
0.065322,0.065322
0.748690,0.748690
0.429113,0.429113
0.297560,0.297560
0.193758,0.193758
0.414341,0.414341
0.760663,0.760663
0.003421,0.003421
0.232987,0.232987
0.502662,0.502662
0.171753,0.171753
0.909286,0.909286
0.057665,0.057665
0.385781,0.385781
0.962876,0.962876
0.401743,0.401743
0.717697,0.717697
0.637795,0.637795
0.056637,0.056637
0.377936,0.377936
0.924874,0.924874
0.405736,0.405736
0.222864,0.222864
0.516547,0.516547
0.827347,0.827347
0.449933,0.449933
0.637826,0.637826
0.808081,0.808081
0.996368,0.996368
0.693080,0.693080
0.395010,0.395010
0.264482,0.264482
0.993862,0.993862
0.283655,0.283655
0.167456,0.167456
0.081777,0.081777
0.456062,0.456062
0.890683,0.890683
0.391469,0.391469
0.896197,0.896197
0.271056,0.271056
0.600039,0.600039
0.492868,0.492868
0.902584,0.902584
0.752964,0.752964
0.601191,0.601191
0.681393,0.681393
0.599194,0.599194
0.490245,0.490245
0.003045,0.003045
0.712814,0.712814
0.086691,0.086691
0.089554,0.089554
0.434571,0.434571
0.111612,0.111612
0.597462,0.597462
0.356194,0.356194
0.197856,0.197856
0.649318,0.649318
0.982196,0.982196
0.639200,0.639200
0.011344,0.011344
0.560300,0.560300
0.737449,0.737449
0.574217,0.574217
0.448688,0.448688
0.508025,0.508025
0.141990,0.141990
0.085145,0.085145
0.425830,0.425830
0.409642,0.409642
0.139325,0.139325
0.391064,0.391064
0.723692,0.723692
0.634734,0.634734
0.792695,0.792695
0.581453,0.581453
0.036621,0.036621
0.449845,0.449845
0.861208,0.861208
0.737432,0.737432
0.144834,0.144834
0.932749,0.932749
0.275003,0.275003
0.499019,0.499019
0.478436,0.478436
0.608545,0.608545
0.743374,0.743374
0.536575,0.536575
0.843117,0.843117
0.395856,0.395856
0.836859,0.836859
0.548135,0.548135
0.403744,0.403744
0.708817,0.708817
0.185035,0.185035
0.720526,0.720526
0.612616,0.612616
0.213642,0.213642
0.919818,0.919818
0.126568,0.126568
0.746718,0.746718
0.884144,0.884144
0.615926,0.615926
0.563886,0.563886
0.005759,0.005759
0.023884,0.023884
0.191971,0.191971
0.489455,0.489455
0.062651,0.062651
0.329356,0.329356
0.850107,0.850107
0.119525,0.119525
0.293883,0.293883
0.735259,0.735259
0.395996,0.395996
0.592420,0.592420
0.494396,0.494396
0.339320,0.339320
0.060875,0.060875
0.866666,0.866666
0.913814,0.913814
0.080063,0.080063
0.975371,0.975371
0.368343,0.368343
0.288117,0.288117
0.551954,0.551954
0.525112,0.525112
0.820422,0.820422
0.984195,0.984195
0.318119,0.318119
0.828203,0.828203
0.597617,0.597617
0.101968,0.101968
0.908258,0.908258
0.159013,0.159013
0.081931,0.081931
0.154428,0.154428
0.911080,0.911080
0.033506,0.033506
0.973279,0.973279
0.882266,0.882266
0.239065,0.239065
0.574728,0.574728
0.996117,0.996117
0.328343,0.328343
0.032356,0.032356
0.623222,0.623222
0.433390,0.433390
0.690731,0.690731
0.194493,0.194493
0.846004,0.846004
0.764337,0.764337
0.593590,0.593590
0.226335,0.226335
0.411976,0.411976
0.201531,0.201531
0.160796,0.160796
0.180842,0.180842
0.381235,0.381235
0.872022,0.872022
0.114731,0.114731
0.791620,0.791620
0.474551,0.474551
0.307403,0.307403
0.260632,0.260632
0.160101,0.160101
0.038021,0.038021
0.712488,0.712488
0.525555,0.525555
0.477821,0.477821
0.171863,0.171863
0.439255,0.439255
0.733588,0.733588
0.427002,0.427002
0.523845,0.523845
0.674904,0.674904
0.196637,0.196637
0.323823,0.323823
0.456099,0.456099
0.989266,0.989266
0.508537,0.508537
0.979395,0.979395
0.519163,0.519163
0.728322,0.728322
0.812629,0.812629
0.614667,0.614667
0.360986,0.360986
0.460587,0.460587
0.610258,0.610258
0.393393,0.393393
0.993716,0.993716
0.595032,0.595032
0.424050,0.424050
0.848559,0.848559
0.093944,0.093944
0.336619,0.336619
0.507458,0.507458
0.215688,0.215688
0.384950,0.384950
0.301063,0.301063
0.503518,0.503518
0.483032,0.483032
0.649788,0.649788
0.397107,0.397107
0.840378,0.840378
0.646916,0.646916
0.350767,0.350767
0.118272,0.118272
0.273385,0.273385
0.805710,0.805710
0.183522,0.183522
0.263181,0.263181
0.597904,0.597904
0.233710,0.233710
0.494273,0.494273
0.824609,0.824609
0.579132,0.579132
0.491566,0.491566
0.528698,0.528698
0.630060,0.630060
0.726427,0.726427
0.277897,0.277897
0.897478,0.897478
0.078319,0.078319
0.878526,0.878526
0.924788,0.924788
0.725997,0.725997
0.243962,0.243962
0.338365,0.338365
0.254368,0.254368
0.952903,0.952903
0.631490,0.631490
0.531990,0.531990
0.101421,0.101421
0.240014,0.240014
0.698761,0.698761
0.520792,0.520792
0.081077,0.081077
0.244010,0.244010
0.060506,0.060506
0.772902,0.772902
0.521446,0.521446
0.001347,0.001347
0.841942,0.841942
0.907060,0.907060
0.482358,0.482358
0.459283,0.459283
0.409375,0.409375
0.466161,0.466161
0.429408,0.429408
0.360174,0.360174
0.151975,0.151975
0.933121,0.933121
0.045155,0.045155
0.037497,0.037497
0.362271,0.362271
0.715962,0.715962
0.536359,0.536359
0.386623,0.386623
0.181380,0.181380
0.147448,0.147448
0.975529,0.975529
0.352649,0.352649
0.335670,0.335670
0.556048,0.556048
0.130531,0.130531
0.809907,0.809907
0.402981,0.402981
0.258720,0.258720
0.314802,0.314802
0.951042,0.951042
0.465030,0.465030
0.230736,0.230736
0.442410,0.442410
0.819658,0.819658
0.827801,0.827801
0.530178,0.530178
0.758948,0.758948
0.101502,0.101502
0.273679,0.273679
0.002361,0.002361
0.923740,0.923740
0.217635,0.217635
0.485837,0.485837
0.808657,0.808657
0.292222,0.292222
0.590565,0.590565
0.323636,0.323636
0.246543,0.246543
0.851444,0.851444
0.876491,0.876491
0.423173,0.423173
0.873426,0.873426
0.893556,0.893556
0.146230,0.146230
0.605208,0.605208
0.039025,0.039025
0.837528,0.837528
0.251311,0.251311
0.761287,0.761287
0.473736,0.473736
0.733508,0.733508
0.073326,0.073326
0.330128,0.330128
0.890359,0.890359
0.445743,0.445743
0.902196,0.902196
0.098613,0.098613
0.714367,0.714367
0.537534,0.537534
0.468818,0.468818
0.752429,0.752429
0.103925,0.103925
0.407430,0.407430
0.541931,0.541931
0.129761,0.129761
0.587033,0.587033
0.930246,0.930246
0.153445,0.153445
0.214128,0.214128
0.588123,0.588123
0.806727,0.806727
0.521509,0.521509
0.719655,0.719655
0.381450,0.381450
0.893724,0.893724
0.021421,0.021421
0.468452,0.468452
0.802542,0.802542
0.967348,0.967348
0.855720,0.855720
0.909946,0.909946
0.042756,0.042756
0.462097,0.462097
0.101318,0.101318
0.101485,0.101485
0.802797,0.802797
0.363343,0.363343
0.968322,0.968322
0.588857,0.588857
0.730141,0.730141
0.003437,0.003437
0.319664,0.319664
0.863095,0.863095
0.128977,0.128977
0.252760,0.252760
0.633008,0.633008
0.919350,0.919350
0.223332,0.223332
0.623152,0.623152
0.451077,0.451077
0.941469,0.941469
0.303054,0.303054
0.800622,0.800622
0.087978,0.087978
0.735235,0.735235
0.766287,0.766287
0.801310,0.801310
0.243102,0.243102
0.590975,0.590975
0.361181,0.361181
0.350138,0.350138
0.529721,0.529721
0.157035,0.157035
0.137732,0.137732
0.993967,0.993967
0.609781,0.609781
0.806830,0.806830
0.933643,0.933643
0.217315,0.217315
0.669514,0.669514
0.808223,0.808223
0.237199,0.237199
0.755368,0.755368
0.769328,0.769328
0.652562,0.652562
0.153521,0.153521
0.312027,0.312027
0.660675,0.660675
0.337634,0.337634
0.747904,0.747904
0.741303,0.741303
0.450081,0.450081
0.140819,0.140819
0.137846,0.137846
0.141160,0.141160
0.514247,0.514247
0.924714,0.924714
0.221254,0.221254
0.924512,0.924512
0.793797,0.793797
0.115623,0.115623
0.288407,0.288407
0.321450,0.321450
0.527673,0.527673
0.756804,0.756804
0.412069,0.412069
0.167269,0.167269
0.625353,0.625353
0.341107,0.341107
0.781883,0.781883
0.195606,0.195606
0.933050,0.933050
0.259558,0.259558
0.880389,0.880389
0.400533,0.400533
0.171468,0.171468
0.618099,0.618099
0.855943,0.855943
0.947013,0.947013
0.235039,0.235039
0.295522,0.295522
0.948932,0.948932
0.673055,0.673055
0.874813,0.874813
0.757532,0.757532
0.239077,0.239077
0.367878,0.367878
0.554569,0.554569
0.578504,0.578504
0.424463,0.424463
0.070125,0.070125
0.989313,0.989313
0.916121,0.916121
0.846247,0.846247
0.196098,0.196098
0.091615,0.091615
0.021090,0.021090
0.784864,0.784864
0.083689,0.083689
0.440591,0.440591
0.913574,0.913574
0.342513,0.342513
0.896730,0.896730
0.027322,0.027322
0.079539,0.079539
0.825843,0.825843
0.976395,0.976395
0.811279,0.811279
0.093326,0.093326
0.551960,0.551960
0.933262,0.933262
0.450068,0.450068
0.072605,0.072605
0.224640,0.224640
0.122213,0.122213
0.209716,0.209716
0.911043,0.911043
0.695578,0.695578
0.894791,0.894791
0.249147,0.249147
0.173021,0.173021
0.905330,0.905330
0.555792,0.555792
0.585799,0.585799
0.927242,0.927242
0.039719,0.039719
0.360066,0.360066
0.951788,0.951788
0.087551,0.087551
0.670613,0.670613
0.177445,0.177445
0.371582,0.371582
0.529860,0.529860
0.939875,0.939875
0.358221,0.358221
0.347637,0.347637
0.872295,0.872295
0.256498,0.256498
0.524968,0.524968
0.592438,0.592438
0.136488,0.136488
0.133255,0.133255
0.673652,0.673652
0.157225,0.157225
0.309101,0.309101
0.960135,0.960135
0.253344,0.253344
0.303665,0.303665
0.855200,0.855200
0.607220,0.607220
0.306790,0.306790
0.939340,0.939340
0.749769,0.749769
0.382668,0.382668
0.626568,0.626568
0.527675,0.527675
0.767946,0.767946
0.128160,0.128160
0.390465,0.390465
0.081012,0.081012
0.606002,0.606002
0.702226,0.702226
0.688541,0.688541
0.720339,0.720339
0.455909,0.455909
0.293271,0.293271
0.785908,0.785908
0.690840,0.690840
0.907585,0.907585
0.873848,0.873848
0.832294,0.832294
0.025768,0.025768
0.230946,0.230946
0.664488,0.664488
0.821119,0.821119
0.310950,0.310950
0.894499,0.894499
0.540669,0.540669
0.165506,0.165506
0.069849,0.069849
0.816701,0.816701
0.916607,0.916607
0.532628,0.532628
0.656740,0.656740
0.595338,0.595338
0.411438,0.411438
0.891700,0.891700
0.065261,0.065261
0.194931,0.194931
0.461134,0.461134
0.908802,0.908802
0.285601,0.285601
0.771505,0.771505
0.604300,0.604300
0.131596,0.131596
0.575259,0.575259
0.502396,0.502396
0.517521,0.517521
0.343068,0.343068
0.008275,0.008275
0.448264,0.448264
0.720278,0.720278
0.936107,0.936107
0.892828,0.892828
0.059407,0.059407
0.548820,0.548820
0.934313,0.934313
0.422650,0.422650
0.193451,0.193451
0.622325,0.622325
0.579717,0.579717
0.830088,0.830088
0.854726,0.854726
0.237226,0.237226
0.705721,0.705721
0.773938,0.773938
0.842450,0.842450
0.463964,0.463964
0.079433,0.079433
0.356845,0.356845
0.411995,0.411995
0.670705,0.670705
0.343651,0.343651
0.484754,0.484754
0.472097,0.472097
0.473545,0.473545
0.086991,0.086991
0.015461,0.015461
0.076951,0.076951
0.124361,0.124361
0.702154,0.702154
0.798477,0.798477
0.632619,0.632619
0.665615,0.665615
0.860665,0.860665
0.252731,0.252731
0.975714,0.975714
0.141950,0.141950
0.584874,0.584874
0.836237,0.836237
0.295509,0.295509
0.071039,0.071039
0.696644,0.696644
0.669198,0.669198
0.782225,0.782225
0.616379,0.616379
0.584688,0.584688
0.306630,0.306630
0.934715,0.934715
0.959057,0.959057
0.939087,0.939087
0.458849,0.458849
0.404073,0.404073
0.166662,0.166662
0.235897,0.235897
0.396212,0.396212
0.685597,0.685597
0.466772,0.466772
0.011669,0.011669
0.186589,0.186589
0.204184,0.204184
0.131144,0.131144
0.538183,0.538183
0.688124,0.688124
0.488693,0.488693
0.131686,0.131686
0.628524,0.628524
0.173264,0.173264
0.042341,0.042341
0.155307,0.155307
0.778311,0.778311
0.718318,0.718318
0.164757,0.164757
0.207639,0.207639
0.928131,0.928131
0.497574,0.497574
0.585337,0.585337
0.497040,0.497040
0.168078,0.168078
0.545506,0.545506
0.665512,0.665512
0.823815,0.823815
0.368255,0.368255
0.705415,0.705415
0.209241,0.209241
0.173000,0.173000
0.356989,0.356989
0.528267,0.528267
0.163181,0.163181
0.561121,0.561121
0.080523,0.080523
0.302152,0.302152
0.845261,0.845261
0.676087,0.676087
0.870566,0.870566
0.683513,0.683513
0.960940,0.960940
0.389270,0.389270
0.320561,0.320561
0.594999,0.594999
0.677039,0.677039
0.112040,0.112040
0.911501,0.911501
0.731622,0.731622
0.860348,0.860348
0.708547,0.708547
0.847618,0.847618
0.129802,0.129802
0.635704,0.635704
0.530362,0.530362
0.415554,0.415554
0.327529,0.327529
0.535547,0.535547
0.650924,0.650924
0.557708,0.557708
0.128683,0.128683
0.547163,0.547163
0.503575,0.503575
0.758539,0.758539
0.447843,0.447843
0.037324,0.037324
0.084425,0.084425
0.203807,0.203807
0.321514,0.321514
0.741762,0.741762
0.580784,0.580784
0.044426,0.044426
0.301660,0.301660
0.601845,0.601845
0.734172,0.734172
0.349319,0.349319
0.148851,0.148851
0.460942,0.460942
0.656751,0.656751
0.157835,0.157835
0.000218,0.000218
0.706764,0.706764
0.269123,0.269123
0.047503,0.047503
0.887653,0.887653
0.944391,0.944391
0.862245,0.862245
0.085952,0.085952
0.490340,0.490340
0.079866,0.079866
0.210198,0.210198
0.806275,0.806275
0.478060,0.478060
0.763291,0.763291
0.923864,0.923864
0.579820,0.579820
0.824988,0.824988
0.927952,0.927952
0.381695,0.381695
0.383858,0.383858
0.483781,0.483781
0.993360,0.993360
0.089250,0.089250
0.748967,0.748967
0.360570,0.360570
0.732522,0.732522
0.702168,0.702168
0.950034,0.950034
0.560483,0.560483
0.455262,0.455262
0.685740,0.685740
0.927312,0.927312
0.383282,0.383282
0.286726,0.286726
0.825183,0.825183
0.877235,0.877235
0.917964,0.917964
0.931353,0.931353
0.193284,0.193284
0.641179,0.641179
0.302041,0.302041
0.030534,0.030534
0.590543,0.590543
0.009780,0.009780
0.129726,0.129726
0.584394,0.584394
0.661043,0.661043
0.645178,0.645178
0.152908,0.152908
0.041993,0.041993
0.308071,0.308071
0.291129,0.291129
0.345738,0.345738
0.610355,0.610355
0.066489,0.066489
0.954929,0.954929
0.960724,0.960724
0.685878,0.685878
0.097856,0.097856
0.067964,0.067964
0.240260,0.240260
0.179979,0.179979
0.464507,0.464507
0.300077,0.300077
0.714738,0.714738
0.190898,0.190898
0.636353,0.636353
0.911627,0.911627
0.073598,0.073598
0.871465,0.871465
0.065703,0.065703
0.531329,0.531329
0.486160,0.486160
0.760030,0.760030
0.842523,0.842523
0.581559,0.581559
0.362155,0.362155
0.962574,0.962574
0.071858,0.071858
0.082923,0.082923
0.742739,0.742739
0.774072,0.774072
0.272162,0.272162
0.947776,0.947776
0.535116,0.535116
0.308930,0.308930
0.704250,0.704250
0.367311,0.367311
0.042838,0.042838
0.286385,0.286385
0.194254,0.194254
0.960561,0.960561
0.769874,0.769874
0.220824,0.220824
0.683040,0.683040
0.715753,0.715753
0.713542,0.713542
0.318363,0.318363
0.259196,0.259196
0.313057,0.313057
0.598444,0.598444
0.092880,0.092880
0.977892,0.977892
0.060312,0.060312
0.615388,0.615388
0.569163,0.569163
0.330278,0.330278
0.227959,0.227959
0.762314,0.762314
0.903816,0.903816
0.722850,0.722850
0.727818,0.727818
0.592113,0.592113
0.512566,0.512566
0.040290,0.040290
0.522839,0.522839
0.435193,0.435193
0.045121,0.045121
0.617482,0.617482
0.729419,0.729419
0.930140,0.930140
0.840805,0.840805
0.975934,0.975934
0.525860,0.525860
0.144451,0.144451
0.264972,0.264972
0.170229,0.170229
0.505200,0.505200
0.125510,0.125510
0.162558,0.162558
0.840293,0.840293
0.703700,0.703700
0.192035,0.192035
0.315709,0.315709
0.710103,0.710103
0.797678,0.797678
0.118464,0.118464
0.971701,0.971701
0.407273,0.407273
0.491327,0.491327
0.683153,0.683153
0.231754,0.231754
0.647195,0.647195
0.335034,0.335034
0.020077,0.020077
0.505700,0.505700
0.603645,0.603645
0.609650,0.609650
0.463734,0.463734
0.873287,0.873287
0.629958,0.629958
0.223865,0.223865
0.866877,0.866877
0.389106,0.389106
0.378296,0.378296
0.494848,0.494848
0.503718,0.503718
0.219735,0.219735
0.678337,0.678337
0.603212,0.603212
0.405168,0.405168
0.642759,0.642759
0.956997,0.956997
0.355834,0.355834
0.346156,0.346156
0.197005,0.197005
0.984014,0.984014
0.961144,0.961144
0.194077,0.194077
0.643008,0.643008
0.608715,0.608715
0.154051,0.154051
0.340659,0.340659
0.325224,0.325224
0.724073,0.724073
0.197922,0.197922
0.615588,0.615588
0.221808,0.221808
0.605836,0.605836
0.735532,0.735532
0.832818,0.832818
0.344674,0.344674
0.147530,0.147530
0.397358,0.397358
0.353921,0.353921
0.183236,0.183236
0.315130,0.315130
0.407878,0.407878
0.590845,0.590845
0.914973,0.914973
0.300123,0.300123
0.618797,0.618797
0.010068,0.010068
0.154005,0.154005
0.596150,0.596150
0.523772,0.523772
0.687685,0.687685
0.765269,0.765269
0.282681,0.282681
0.641969,0.641969
0.750157,0.750157
0.838807,0.838807
0.791019,0.791019
0.017017,0.017017
0.732108,0.732108
0.298803,0.298803
0.395366,0.395366
0.081123,0.081123
0.085193,0.085193
0.588096,0.588096
0.067565,0.067565
0.842666,0.842666
0.131153,0.131153
0.919705,0.919705
0.937955,0.937955
0.117306,0.117306
0.521760,0.521760
0.872290,0.872290
0.495493,0.495493
0.316750,0.316750
0.788358,0.788358
0.899142,0.899142
0.191213,0.191213
0.831136,0.831136
0.162881,0.162881
0.754449,0.754449
0.669846,0.669846
0.172496,0.172496
0.721280,0.721280
0.962337,0.962337
0.504184,0.504184
0.669427,0.669427
0.362942,0.362942
0.992635,0.992635
0.684013,0.684013
0.257922,0.257922
0.727027,0.727027
0.040981,0.040981
0.057035,0.057035
0.366318,0.366318
0.267589,0.267589
0.675277,0.675277
0.912137,0.912137
0.829133,0.829133
0.882813,0.882813
0.790821,0.790821
0.518667,0.518667
0.036754,0.036754
0.369371,0.369371
0.553104,0.553104
0.987719,0.987719
0.674913,0.674913
0.708540,0.708540
0.560525,0.560525
0.982175,0.982175
0.291866,0.291866
0.234906,0.234906
0.728474,0.728474
0.111634,0.111634
0.755930,0.755930
0.722340,0.722340
0.351774,0.351774
0.175043,0.175043
0.367742,0.367742
0.072221,0.072221
0.572161,0.572161
0.334213,0.334213
0.671256,0.671256
0.145213,0.145213
0.009569,0.009569
0.739688,0.739688
0.676475,0.676475
0.033446,0.033446
0.300505,0.300505
0.293433,0.293433
0.015373,0.015373
0.249815,0.249815
0.876818,0.876818
0.216107,0.216107
0.519991,0.519991
0.492569,0.492569
0.165449,0.165449
0.899315,0.899315
0.157332,0.157332
0.062408,0.062408
0.915734,0.915734
0.745749,0.745749
0.264898,0.264898
0.212671,0.212671
0.362954,0.362954
0.152607,0.152607
0.593355,0.593355
0.898653,0.898653
0.292729,0.292729
0.425553,0.425553
0.907325,0.907325
0.553320,0.553320
0.242788,0.242788
0.696612,0.696612
0.535028,0.535028
0.281745,0.281745
0.640512,0.640512
0.807272,0.807272
0.194223,0.194223
0.776055,0.776055
0.551135,0.551135
0.275180,0.275180
0.950718,0.950718
0.194792,0.194792
0.363028,0.363028
0.980216,0.980216
0.702032,0.702032
0.725149,0.725149
0.373360,0.373360
0.087249,0.087249
0.195306,0.195306
0.813058,0.813058
0.604257,0.604257
0.235747,0.235747
0.135356,0.135356
0.757376,0.757376
0.523202,0.523202
0.253061,0.253061
0.327766,0.327766
0.688166,0.688166
0.049766,0.049766
0.904601,0.904601
0.954940,0.954940
0.839377,0.839377
0.745968,0.745968
0.961395,0.961395
0.181477,0.181477
0.681857,0.681857
0.947563,0.947563
0.157635,0.157635
0.572921,0.572921
0.254732,0.254732
0.754236,0.754236
0.455106,0.455106
0.767168,0.767168
0.838819,0.838819
0.516312,0.516312
0.233539,0.233539
0.975806,0.975806
0.712897,0.712897
0.154914,0.154914
0.225123,0.225123
0.318314,0.318314
0.530501,0.530501
0.545399,0.545399
0.192707,0.192707
0.740366,0.740366
0.299958,0.299958
0.244314,0.244314
0.136497,0.136497
0.508748,0.508748
0.517416,0.517416
0.112570,0.112570
0.970185,0.970185
0.745727,0.745727
0.220040,0.220040
0.466604,0.466604
0.024642,0.024642
0.701019,0.701019
0.782165,0.782165
0.927113,0.927113
0.336214,0.336214
0.007291,0.007291
0.672429,0.672429
0.408631,0.408631
0.741492,0.741492
0.986102,0.986102
0.537628,0.537628
0.145357,0.145357
0.479190,0.479190
0.809200,0.809200
0.231478,0.231478
0.975446,0.975446
0.639662,0.639662
0.986714,0.986714
0.399541,0.399541
0.069968,0.069968
0.488411,0.488411
0.858343,0.858343
0.029958,0.029958
0.761670,0.761670
0.891668,0.891668
0.250206,0.250206
0.541419,0.541419
0.048952,0.048952
0.216635,0.216635
0.187369,0.187369
0.354275,0.354275
0.234616,0.234616
0.159646,0.159646
0.676752,0.676752
0.530344,0.530344
0.479446,0.479446
0.763660,0.763660
0.008338,0.008338
0.996930,0.996930
0.453926,0.453926
0.973750,0.973750
0.431389,0.431389
0.347545,0.347545
0.834172,0.834172
0.044071,0.044071
0.770653,0.770653
0.414835,0.414835
0.224833,0.224833
0.246655,0.246655
0.943498,0.943498
0.448102,0.448102
0.287097,0.287097
0.564106,0.564106
0.467626,0.467626
0.932185,0.932185
0.004044,0.004044
0.149602,0.149602
0.134262,0.134262
0.560961,0.560961
0.029834,0.029834
0.446250,0.446250
0.127911,0.127911
0.876909,0.876909
0.746779,0.746779
0.318550,0.318550
0.985048,0.985048
0.742359,0.742359
0.360193,0.360193
0.723721,0.723721
0.874063,0.874063
0.778349,0.778349
0.025410,0.025410
0.832201,0.832201
0.173121,0.173121
0.169376,0.169376
0.426858,0.426858
0.730643,0.730643
0.477638,0.477638
0.952608,0.952608
0.826484,0.826484
0.279173,0.279173
0.899666,0.899666
0.505071,0.505071
0.298786,0.298786
0.932476,0.932476
0.397181,0.397181
0.777218,0.777218
0.177709,0.177709
0.833728,0.833728
0.228336,0.228336
0.126371,0.126371
0.126830,0.126830
0.929898,0.929898
0.523103,0.523103
0.079099,0.079099
0.992850,0.992850
0.968446,0.968446
0.549829,0.549829
0.056972,0.056972
0.357066,0.357066
0.888309,0.888309
0.444798,0.444798
0.860311,0.860311
0.040166,0.040166
0.590071,0.590071
0.934462,0.934462
0.127067,0.127067
0.704920,0.704920
0.956108,0.956108
0.030308,0.030308
0.411917,0.411917
0.009324,0.009324
0.618361,0.618361
0.058193,0.058193
0.292143,0.292143
0.102527,0.102527
0.158596,0.158596
0.554761,0.554761
0.901272,0.901272
0.223066,0.223066
0.595890,0.595890
0.144463,0.144463
0.605079,0.605079
0.127903,0.127903
0.991343,0.991343
0.093609,0.093609
0.297460,0.297460
0.448935,0.448935
0.327209,0.327209
0.166665,0.166665
0.751056,0.751056
0.990469,0.990469
0.664356,0.664356
0.732641,0.732641
0.552039,0.552039
0.828628,0.828628
0.669035,0.669035
0.131112,0.131112
0.446216,0.446216
0.070767,0.070767
0.466828,0.466828
0.520407,0.520407
0.322315,0.322315
0.391967,0.391967
0.454762,0.454762
0.925777,0.925777
0.337663,0.337663
0.564429,0.564429
0.934781,0.934781
0.352661,0.352661
0.007916,0.007916
0.427940,0.427940
0.479048,0.479048
0.294509,0.294509
0.124752,0.124752
0.213657,0.213657
0.508536,0.508536
0.037986,0.037986
0.701625,0.701625
0.763019,0.763019
0.685247,0.685247
0.391366,0.391366
0.439903,0.439903
0.656625,0.656625
0.258156,0.258156
0.157791,0.157791
0.061506,0.061506
0.733403,0.733403
0.293590,0.293590
0.349815,0.349815
0.712780,0.712780
0.994864,0.994864
0.656160,0.656160
0.561747,0.561747
0.843128,0.843128
0.863799,0.863799
0.121557,0.121557
0.124360,0.124360
0.515199,0.515199
0.224641,0.224641
0.764867,0.764867
0.612873,0.612873
0.203335,0.203335
0.310929,0.310929
0.226294,0.226294
0.764221,0.764221
0.967329,0.967329
0.846070,0.846070
0.104342,0.104342
0.804658,0.804658
0.393883,0.393883
0.579385,0.579385
0.567331,0.567331
0.337106,0.337106
0.561705,0.561705
0.514428,0.514428
0.185348,0.185348
0.675170,0.675170
0.939075,0.939075
0.415921,0.415921
0.178622,0.178622
0.240830,0.240830
0.133975,0.133975
0.288196,0.288196
0.638866,0.638866
0.128717,0.128717
0.931996,0.931996
0.173201,0.173201
0.126753,0.126753
0.239437,0.239437
0.917939,0.917939
0.934053,0.934053
0.365186,0.365186
0.796768,0.796768
0.130411,0.130411
0.179138,0.179138
0.356475,0.356475
0.770556,0.770556
0.305573,0.305573
0.948408,0.948408
0.846776,0.846776
0.709156,0.709156
0.461297,0.461297
0.232093,0.232093
0.709895,0.709895
0.429065,0.429065
0.147042,0.147042
0.946495,0.946495
0.837454,0.837454
0.118383,0.118383
0.626262,0.626262
0.896602,0.896602
0.662373,0.662373
0.569060,0.569060
0.403433,0.403433
0.697758,0.697758
0.324763,0.324763
0.815299,0.815299
0.389545,0.389545
0.374249,0.374249
0.854724,0.854724
0.831682,0.831682
0.022207,0.022207
0.478409,0.478409
0.640181,0.640181
0.727115,0.727115
0.991236,0.991236
0.864482,0.864482
0.185293,0.185293
0.621322,0.621322
0.253836,0.253836
0.606034,0.606034
0.548533,0.548533
0.002391,0.002391
0.276793,0.276793
0.839032,0.839032
0.601191,0.601191
0.489629,0.489629
0.190049,0.190049
0.476651,0.476651
0.813785,0.813785
0.951054,0.951054
0.373790,0.373790
0.498312,0.498312
0.413837,0.413837
0.708551,0.708551
0.301795,0.301795
0.561318,0.561318
0.157282,0.157282
0.915160,0.915160
0.854059,0.854059
0.122350,0.122350
0.175206,0.175206
0.047362,0.047362
0.224798,0.224798
0.766952,0.766952
0.243883,0.243883
0.498919,0.498919
0.890040,0.890040
0.187528,0.187528
0.538639,0.538639
0.074211,0.074211
0.121404,0.121404
0.932519,0.932519
0.808959,0.808959
0.710019,0.710019
0.268084,0.268084
0.096079,0.096079
0.577968,0.577968
0.438328,0.438328
0.927255,0.927255
0.981226,0.981226
0.356314,0.356314
0.499804,0.499804
0.550504,0.550504
0.247338,0.247338
0.369352,0.369352
0.619728,0.619728
0.986568,0.986568
0.793803,0.793803
0.093033,0.093033
0.831088,0.831088
0.119038,0.119038
0.114742,0.114742
0.549185,0.549185
0.188302,0.188302
0.522737,0.522737
0.657032,0.657032
0.982237,0.982237
0.708324,0.708324
0.262372,0.262372
0.372707,0.372707
0.436235,0.436235
0.990724,0.990724
0.829667,0.829667
0.926963,0.926963
0.958271,0.958271
0.306896,0.306896
0.403787,0.403787
0.199919,0.199919
0.142826,0.142826
0.998214,0.998214
0.255763,0.255763
0.212467,0.212467
0.260084,0.260084
0.206189,0.206189
0.633036,0.633036
0.863004,0.863004
0.664492,0.664492
0.940177,0.940177
0.462057,0.462057
0.429879,0.429879
0.673866,0.673866
0.360161,0.360161
0.197472,0.197472
0.102490,0.102490
0.557429,0.557429
0.342925,0.342925
0.067930,0.067930
0.294891,0.294891
0.355468,0.355468
0.856400,0.856400
0.131284,0.131284
0.081430,0.081430
0.685365,0.685365
0.415871,0.415871
0.895873,0.895873
0.960448,0.960448
0.137662,0.137662
0.579927,0.579927
0.418700,0.418700
0.461511,0.461511
0.595897,0.595897
0.553149,0.553149
0.259664,0.259664
0.277289,0.277289
0.810483,0.810483
0.072821,0.072821
0.844576,0.844576
0.086080,0.086080
0.410545,0.410545
0.294649,0.294649
0.034225,0.034225
0.985687,0.985687
0.162180,0.162180
0.427161,0.427161
0.950099,0.950099
0.923179,0.923179
0.358008,0.358008
0.922238,0.922238
0.325482,0.325482
0.486330,0.486330
0.868469,0.868469
0.390778,0.390778
0.714562,0.714562
0.795271,0.795271
0.718136,0.718136
0.328438,0.328438
0.873831,0.873831
0.957122,0.957122
0.278861,0.278861
0.804693,0.804693
0.155770,0.155770
0.861509,0.861509
0.907580,0.907580
0.029860,0.029860
0.154299,0.154299
0.118619,0.118619
0.934951,0.934951
0.923543,0.923543
0.663195,0.663195
0.799170,0.799170
0.290978,0.290978
0.267026,0.267026
0.838921,0.838921
0.310895,0.310895
0.159829,0.159829
0.127656,0.127656
0.128847,0.128847
0.225348,0.225348
0.281665,0.281665
0.441147,0.441147
0.940343,0.940343
0.850416,0.850416
0.939161,0.939161
0.238576,0.238576
0.393986,0.393986
0.587574,0.587574
0.956659,0.956659
0.892946,0.892946
0.490790,0.490790
0.754009,0.754009
0.029349,0.029349
0.528746,0.528746
0.250140,0.250140
0.304744,0.304744
0.690750,0.690750
0.387046,0.387046
0.509002,0.509002
0.023300,0.023300
0.253729,0.253729
0.606561,0.606561
0.733659,0.733659
0.085010,0.085010
0.039678,0.039678
0.327352,0.327352
0.488468,0.488468
0.077316,0.077316
0.773265,0.773265
0.291059,0.291059
0.183416,0.183416
0.814197,0.814197
0.165782,0.165782
0.190663,0.190663
0.509553,0.509553
0.951958,0.951958
0.444642,0.444642
0.259047,0.259047
0.570876,0.570876
0.362749,0.362749
0.581985,0.581985
0.227064,0.227064
0.931658,0.931658
0.298505,0.298505
0.478782,0.478782
0.069739,0.069739
0.976543,0.976543
0.059041,0.059041
0.793379,0.793379
0.328217,0.328217
0.178343,0.178343
0.705244,0.705244
0.747838,0.747838
0.073552,0.073552
0.494733,0.494733
0.760764,0.760764
0.216721,0.216721
0.599115,0.599115
0.183445,0.183445
0.525182,0.525182
0.658236,0.658236
0.194252,0.194252
0.573279,0.573279
0.699304,0.699304
0.246209,0.246209
0.464656,0.464656
0.354768,0.354768
0.406323,0.406323
0.292993,0.292993
0.936536,0.936536
0.832309,0.832309
0.497165,0.497165
0.294283,0.294283
0.842923,0.842923
0.302665,0.302665
0.518934,0.518934
0.580907,0.580907
0.381769,0.381769
0.127000,0.127000
0.596303,0.596303
0.378331,0.378331
0.350619,0.350619
0.997051,0.997051
0.997019,0.997019
0.611139,0.611139
0.281864,0.281864
0.101849,0.101849
0.803374,0.803374
0.292901,0.292901
0.385787,0.385787
0.661189,0.661189
0.440701,0.440701
0.827796,0.827796
0.097429,0.097429
0.348060,0.348060
0.498667,0.498667
0.315694,0.315694
0.929332,0.929332
0.457857,0.457857
0.118770,0.118770
0.250877,0.250877
0.598113,0.598113
0.335371,0.335371
0.905731,0.905731
0.962335,0.962335
0.651835,0.651835
0.496035,0.496035
0.301027,0.301027
0.319808,0.319808
0.953458,0.953458
0.321394,0.321394
0.706492,0.706492
0.133999,0.133999
0.762613,0.762613
0.747300,0.747300
0.352012,0.352012
0.245510,0.245510
0.455426,0.455426
0.706004,0.706004
0.762756,0.762756
0.396884,0.396884
0.012592,0.012592
0.716828,0.716828
0.682023,0.682023
0.306836,0.306836
0.559490,0.559490
0.684471,0.684471
0.374163,0.374163
0.884442,0.884442
0.719702,0.719702
0.438185,0.438185
0.604876,0.604876
0.559556,0.559556
0.942594,0.942594
0.025583,0.025583
0.906930,0.906930
0.780465,0.780465
0.204930,0.204930
0.498742,0.498742
0.417889,0.417889
0.614995,0.614995
0.137504,0.137504
0.320853,0.320853
0.737613,0.737613
0.074612,0.074612
0.951602,0.951602
0.086169,0.086169
0.108050,0.108050
0.873128,0.873128
0.181576,0.181576
0.152190,0.152190
0.586402,0.586402
0.407659,0.407659
0.003529,0.003529
0.919270,0.919270
0.830487,0.830487
0.130073,0.130073
0.089057,0.089057
0.602428,0.602428
0.168817,0.168817
0.363094,0.363094
0.984451,0.984451
0.108813,0.108813
0.561096,0.561096
0.172185,0.172185
0.001864,0.001864
0.597230,0.597230
0.261677,0.261677
0.780238,0.780238
0.258665,0.258665
0.295486,0.295486
0.686041,0.686041
0.216396,0.216396
0.882283,0.882283
0.389742,0.389742
0.750139,0.750139
0.364692,0.364692
0.021883,0.021883
0.577677,0.577677
0.157482,0.157482
0.038845,0.038845
0.219176,0.219176
0.882731,0.882731
0.746978,0.746978
0.896982,0.896982
0.306958,0.306958
0.997308,0.997308
0.583910,0.583910
0.216043,0.216043
0.472217,0.472217
0.183489,0.183489
0.785897,0.785897
0.543531,0.543531
0.317242,0.317242
0.079505,0.079505
0.062033,0.062033
0.156898,0.156898
0.132005,0.132005
0.712449,0.712449
0.977670,0.977670
0.769717,0.769717
0.208114,0.208114
0.885744,0.885744
0.548110,0.548110
0.245783,0.245783
0.906396,0.906396
0.323176,0.323176
0.200980,0.200980
0.714974,0.714974
0.210183,0.210183
0.122677,0.122677
0.821406,0.821406
0.674610,0.674610
0.792409,0.792409
0.698036,0.698036
0.907984,0.907984
0.964322,0.964322
0.224293,0.224293
0.188579,0.188579
0.752245,0.752245
0.925285,0.925285
0.047841,0.047841
0.838542,0.838542
0.963166,0.963166
0.776722,0.776722
0.779286,0.779286
0.990445,0.990445
0.356153,0.356153
0.575413,0.575413
0.308508,0.308508
0.269213,0.269213
0.890002,0.890002
0.559286,0.559286
0.153182,0.153182
0.930717,0.930717
0.883256,0.883256
0.480215,0.480215
0.074802,0.074802
0.063397,0.063397
0.708217,0.708217
0.644809,0.644809
0.824308,0.824308
0.550684,0.550684
0.563772,0.563772
0.399560,0.399560
0.436045,0.436045
0.818987,0.818987
0.361418,0.361418
0.467827,0.467827
0.823581,0.823581
0.050474,0.050474
0.435815,0.435815
0.849106,0.849106
0.888739,0.888739
0.502820,0.502820
0.784884,0.784884
0.295426,0.295426
0.729727,0.729727
0.535562,0.535562
0.379690,0.379690
0.597043,0.597043
0.158353,0.158353
0.266561,0.266561
0.768406,0.768406
0.992967,0.992967
0.321285,0.321285
0.156018,0.156018
0.814832,0.814832
0.097311,0.097311
0.431572,0.431572
0.640998,0.640998
0.667904,0.667904
0.639032,0.639032
0.757376,0.757376
0.457163,0.457163
0.711043,0.711043
0.475578,0.475578
0.850920,0.850920
0.474230,0.474230
0.397674,0.397674
0.173822,0.173822
0.225629,0.225629
0.590898,0.590898
0.658879,0.658879
0.192298,0.192298
0.627128,0.627128
0.837740,0.837740
0.840703,0.840703
0.184624,0.184624
0.918005,0.918005
0.867694,0.867694
0.608633,0.608633
0.487865,0.487865
0.684473,0.684473
0.821840,0.821840
0.834625,0.834625
0.056957,0.056957
0.344757,0.344757
0.461523,0.461523
0.780545,0.780545
0.273411,0.273411
0.194207,0.194207
0.067660,0.067660
0.027213,0.027213
0.746859,0.746859
0.534938,0.534938
0.642007,0.642007
0.157564,0.157564
0.916274,0.916274
0.805529,0.805529
0.268759,0.268759
0.251199,0.251199
0.258797,0.258797
0.081864,0.081864
0.793927,0.793927
0.336330,0.336330
0.018961,0.018961
0.937645,0.937645
0.369962,0.369962
0.600698,0.600698
0.542810,0.542810
0.974867,0.974867
0.766959,0.766959
0.319734,0.319734
0.709347,0.709347
0.947336,0.947336
0.347938,0.347938
0.426579,0.426579
0.432111,0.432111
0.696846,0.696846
0.789285,0.789285
0.392115,0.392115
0.078869,0.078869
0.776644,0.776644
0.720080,0.720080
0.589118,0.589118
0.231351,0.231351
0.170703,0.170703
0.097350,0.097350
0.925515,0.925515
0.546145,0.546145
0.747652,0.747652
0.912474,0.912474
0.156386,0.156386
0.339863,0.339863
0.999499,0.999499
0.749792,0.749792
0.901939,0.901939
0.593485,0.593485
0.121446,0.121446
0.756406,0.756406
0.624749,0.624749
0.014069,0.014069
0.003094,0.003094
0.733375,0.733375
0.457868,0.457868
0.526763,0.526763
0.601433,0.601433
0.180136,0.180136
0.626201,0.626201
0.697131,0.697131
0.022357,0.022357
0.648094,0.648094
0.371364,0.371364
0.387607,0.387607
0.569326,0.569326
0.701791,0.701791
0.074036,0.074036
0.587260,0.587260
0.604563,0.604563
0.626540,0.626540
0.139722,0.139722
0.895944,0.895944
0.017938,0.017938
0.282791,0.282791
0.305003,0.305003
0.511447,0.511447
0.223224,0.223224
0.947520,0.947520
0.504740,0.504740
0.735770,0.735770
0.836310,0.836310
0.445770,0.445770
0.196954,0.196954
0.159627,0.159627
0.368891,0.368891
0.891009,0.891009
0.572179,0.572179
0.657054,0.657054
0.274342,0.274342
0.385429,0.385429
0.782504,0.782504
0.555047,0.555047
0.982535,0.982535
0.611811,0.611811
0.440579,0.440579
0.741997,0.741997
0.332637,0.332637
0.434569,0.434569
0.051004,0.051004
0.293493,0.293493
0.350531,0.350531
0.000840,0.000840
0.284487,0.284487
0.700201,0.700201
0.144443,0.144443
0.836108,0.836108
0.839981,0.839981
0.918636,0.918636
0.011814,0.011814
0.654992,0.654992
0.629110,0.629110
0.088398,0.088398
0.967387,0.967387
0.423455,0.423455
0.061638,0.061638
0.974284,0.974284
0.975622,0.975622
0.241597,0.241597
0.043080,0.043080
0.842491,0.842491
0.438373,0.438373
0.006634,0.006634
0.900653,0.900653
0.409126,0.409126
0.096009,0.096009
0.005282,0.005282
0.232247,0.232247
0.907194,0.907194
0.109128,0.109128
0.331978,0.331978
0.218707,0.218707
0.563518,0.563518
0.994375,0.994375
0.692151,0.692151
0.449656,0.449656
0.352514,0.352514
0.089215,0.089215
0.247411,0.247411
0.085191,0.085191
0.845030,0.845030
0.012483,0.012483
0.631294,0.631294
0.006782,0.006782
0.980471,0.980471
0.157324,0.157324
0.541820,0.541820
0.031423,0.031423
0.398889,0.398889
0.530601,0.530601
0.277119,0.277119
0.321442,0.321442
0.412433,0.412433
0.669210,0.669210
0.557826,0.557826
0.500119,0.500119
0.410366,0.410366
0.632148,0.632148
0.808217,0.808217
0.953947,0.953947
0.157651,0.157651
0.479961,0.479961
0.774911,0.774911
0.812186,0.812186
0.538238,0.538238
0.503395,0.503395
0.801428,0.801428
0.622225,0.622225
0.702095,0.702095
0.785255,0.785255
0.817504,0.817504
0.267813,0.267813
0.365095,0.365095
0.266934,0.266934
0.388365,0.388365
0.969491,0.969491
0.802402,0.802402
0.284405,0.284405
0.497678,0.497678
0.290108,0.290108
0.352605,0.352605
0.038971,0.038971
0.224021,0.224021
0.259329,0.259329
0.876022,0.876022
0.361655,0.361655
0.790069,0.790069
0.029824,0.029824
0.771884,0.771884
0.122162,0.122162
0.576576,0.576576
0.968112,0.968112
0.732688,0.732688
0.185958,0.185958
0.689698,0.689698
0.774090,0.774090
0.860846,0.860846
0.275011,0.275011
0.036946,0.036946
0.653013,0.653013
0.605926,0.605926
0.691588,0.691588
0.251049,0.251049
0.518017,0.518017
0.460623,0.460623
0.279827,0.279827
0.426956,0.426956
0.091320,0.091320
0.098493,0.098493
0.179196,0.179196
0.093572,0.093572
0.936011,0.936011
0.974013,0.974013
0.214539,0.214539
0.208243,0.208243
0.817206,0.817206
0.072584,0.072584
0.832167,0.832167
0.330500,0.330500
0.605830,0.605830
0.180314,0.180314
0.567082,0.567082
0.616598,0.616598
0.204933,0.204933
0.518493,0.518493
0.481775,0.481775
0.748234,0.748234
0.440361,0.440361
0.684960,0.684960
0.621048,0.621048
0.419355,0.419355
0.658640,0.658640
0.337471,0.337471
0.132582,0.132582
0.607422,0.607422
0.084287,0.084287
0.478312,0.478312
0.841742,0.841742
0.727158,0.727158
0.104178,0.104178
0.370432,0.370432
0.173229,0.173229
0.269733,0.269733
0.376850,0.376850
0.401915,0.401915
0.549192,0.549192
0.419402,0.419402
0.206209,0.206209
0.175478,0.175478
0.563114,0.563114
0.958479,0.958479
0.877351,0.877351
0.667815,0.667815
0.140645,0.140645
0.949785,0.949785
0.659541,0.659541
0.159925,0.159925
0.872085,0.872085
0.719016,0.719016
0.234803,0.234803
0.685356,0.685356
0.211815,0.211815
0.156233,0.156233
0.327814,0.327814
0.802874,0.802874
0.916674,0.916674
0.580095,0.580095
0.054098,0.054098
0.333933,0.333933
0.298189,0.298189
0.402574,0.402574
0.024048,0.024048
0.241134,0.241134
0.211997,0.211997
0.941315,0.941315
0.710542,0.710542
0.079928,0.079928
0.148717,0.148717
0.095921,0.095921
0.846448,0.846448
0.909806,0.909806
0.737647,0.737647
0.931176,0.931176
0.975762,0.975762
0.719332,0.719332
0.267328,0.267328
0.673183,0.673183
0.162233,0.162233
0.893018,0.893018
0.084111,0.084111
0.720481,0.720481
0.798024,0.798024
0.621886,0.621886
0.336696,0.336696
0.351610,0.351610
0.177048,0.177048
0.857353,0.857353
0.303444,0.303444
0.057959,0.057959
0.256351,0.256351
0.483678,0.483678
0.621401,0.621401
0.887370,0.887370
0.707060,0.707060
0.811644,0.811644
0.129982,0.129982
0.720150,0.720150
0.159186,0.159186
0.523400,0.523400
0.204685,0.204685
0.404667,0.404667
0.330100,0.330100
0.099444,0.099444
0.944269,0.944269
0.529357,0.529357
0.393940,0.393940
0.916578,0.916578
0.494797,0.494797
0.643248,0.643248
0.084776,0.084776
0.233734,0.233734
0.701729,0.701729
0.564800,0.564800
0.257703,0.257703
0.965599,0.965599
0.677105,0.677105
0.562259,0.562259
0.332397,0.332397
0.112819,0.112819
0.297845,0.297845
0.656060,0.656060
0.513324,0.513324
0.080886,0.080886
0.411961,0.411961
0.920420,0.920420
0.165900,0.165900
0.921757,0.921757
0.790580,0.790580
0.357196,0.357196
0.053413,0.053413
0.566629,0.566629
0.484160,0.484160
0.656080,0.656080
0.219728,0.219728
0.878124,0.878124
0.829869,0.829869
0.954751,0.954751
0.010041,0.010041
0.759798,0.759798
0.348609,0.348609
0.308407,0.308407
0.038001,0.038001
0.118661,0.118661
0.495850,0.495850
0.532046,0.532046
0.084822,0.084822
0.128498,0.128498
0.674534,0.674534
0.335927,0.335927
0.977305,0.977305
0.258808,0.258808
0.995332,0.995332
0.777885,0.777885
0.497541,0.497541
0.541033,0.541033
0.572360,0.572360
0.779197,0.779197
0.739528,0.739528
0.094140,0.094140
0.200668,0.200668
0.034093,0.034093
0.503557,0.503557
0.960698,0.960698
0.316346,0.316346
0.467256,0.467256
0.251904,0.251904
0.688595,0.688595
0.874711,0.874711
0.411262,0.411262
0.492693,0.492693
0.123506,0.123506
0.397382,0.397382
0.538349,0.538349
0.231548,0.231548
0.490469,0.490469
0.414645,0.414645
0.930637,0.930637
0.746589,0.746589
0.887381,0.887381
0.976344,0.976344
0.888778,0.888778
0.856896,0.856896
0.421506,0.421506
0.515603,0.515603
0.368820,0.368820
0.671116,0.671116
0.374380,0.374380
0.442396,0.442396
0.838266,0.838266
0.902358,0.902358
0.008264,0.008264
0.727392,0.727392
0.595890,0.595890
0.255845,0.255845
0.272414,0.272414
0.856262,0.856262
0.908404,0.908404
0.689888,0.689888
0.522505,0.522505
0.220503,0.220503
0.819283,0.819283
0.785921,0.785921
0.033356,0.033356
0.875439,0.875439
0.355117,0.355117
0.852380,0.852380
0.754672,0.754672
0.461966,0.461966
0.119688,0.119688
0.013513,0.013513
0.009935,0.009935
0.581645,0.581645
0.339314,0.339314
0.588797,0.588797
0.639250,0.639250
0.775730,0.775730
0.335950,0.335950
0.924765,0.924765
0.725979,0.725979
0.680083,0.680083
0.034230,0.034230
0.439759,0.439759
0.194910,0.194910
0.971575,0.971575
0.296236,0.296236
0.226068,0.226068
0.577987,0.577987
0.433753,0.433753
0.135624,0.135624
0.472301,0.472301
0.954548,0.954548
0.353949,0.353949
0.752904,0.752904
0.232373,0.232373
0.607477,0.607477
0.245460,0.245460
0.338568,0.338568
0.027901,0.027901
0.331293,0.331293
0.735255,0.735255
0.855854,0.855854
0.206130,0.206130
0.086714,0.086714
0.990517,0.990517
0.204728,0.204728
0.306957,0.306957
0.169189,0.169189
0.903071,0.903071
0.490588,0.490588
0.613470,0.613470
0.268753,0.268753
0.330278,0.330278
0.429337,0.429337
0.810457,0.810457
0.238865,0.238865
0.657529,0.657529
0.660565,0.660565
0.251301,0.251301
0.133209,0.133209
0.766878,0.766878
0.214487,0.214487
0.050836,0.050836
0.396763,0.396763
0.108115,0.108115
0.391522,0.391522
0.580614,0.580614
0.820183,0.820183
0.682256,0.682256
0.272641,0.272641
0.418046,0.418046
0.252605,0.252605
0.822222,0.822222
0.829391,0.829391
0.836767,0.836767
0.831914,0.831914
0.483465,0.483465
0.801301,0.801301
0.700586,0.700586
0.521719,0.521719
0.032486,0.032486
0.617595,0.617595
0.444034,0.444034
0.372257,0.372257
0.310901,0.310901
0.286399,0.286399
0.922066,0.922066
0.917620,0.917620
0.295136,0.295136
0.463660,0.463660
0.152200,0.152200
0.040267,0.040267
0.894749,0.894749
0.045273,0.045273
0.919627,0.919627
0.145058,0.145058
0.940235,0.940235
0.349416,0.349416
0.677422,0.677422
0.227504,0.227504
0.677466,0.677466
0.393387,0.393387
0.751657,0.751657
0.598784,0.598784
0.635727,0.635727
0.077476,0.077476
0.460569,0.460569
0.636466,0.636466
0.413456,0.413456
0.874179,0.874179
0.988728,0.988728
0.103799,0.103799
0.178271,0.178271
0.109807,0.109807
0.801190,0.801190
0.197716,0.197716
0.357855,0.357855
0.787878,0.787878
0.215196,0.215196
0.266173,0.266173
0.481257,0.481257
0.316551,0.316551
0.272629,0.272629
0.462573,0.462573
0.812080,0.812080
0.126779,0.126779
0.826569,0.826569
0.784863,0.784863
0.487567,0.487567
0.473373,0.473373
0.212813,0.212813
0.386593,0.386593
0.899691,0.899691
0.057850,0.057850
0.602110,0.602110
0.394983,0.394983
0.623946,0.623946
0.817222,0.817222
0.058348,0.058348
0.413788,0.413788
0.168744,0.168744
0.471094,0.471094
0.736695,0.736695
0.148297,0.148297
0.949337,0.949337
0.721248,0.721248
0.500452,0.500452
0.445872,0.445872
0.712276,0.712276
0.237614,0.237614
0.262344,0.262344
0.332912,0.332912
0.465694,0.465694
0.335415,0.335415
0.637860,0.637860
0.637001,0.637001
0.809856,0.809856
0.642079,0.642079
0.564497,0.564497
0.151824,0.151824
0.501897,0.501897
0.871399,0.871399
0.817480,0.817480
0.316914,0.316914
0.225773,0.225773
0.836172,0.836172
0.505143,0.505143
0.004722,0.004722
0.985526,0.985526
0.775006,0.775006
0.477739,0.477739
0.198172,0.198172
0.827569,0.827569
0.704041,0.704041
0.247124,0.247124
0.044763,0.044763
0.663634,0.663634
0.984407,0.984407
0.318921,0.318921
0.952894,0.952894
0.370898,0.370898
0.973074,0.973074
0.955960,0.955960
0.602947,0.602947
0.020934,0.020934
0.642355,0.642355
0.978667,0.978667
0.261885,0.261885
0.553940,0.553940
0.064636,0.064636
0.776006,0.776006
0.827201,0.827201
0.901570,0.901570
0.806217,0.806217
0.087529,0.087529
0.346567,0.346567
0.680836,0.680836
0.959916,0.959916
0.232536,0.232536
0.520961,0.520961
0.584387,0.584387
0.950771,0.950771
0.566197,0.566197
0.703369,0.703369
0.719849,0.719849
0.976630,0.976630
0.524285,0.524285
0.052981,0.052981
0.525980,0.525980
0.512682,0.512682
0.878401,0.878401
0.901326,0.901326
0.038547,0.038547
0.418710,0.418710
0.669762,0.669762
0.691148,0.691148
0.243343,0.243343
0.088385,0.088385
0.577854,0.577854
0.419829,0.419829
0.600624,0.600624
0.925808,0.925808
0.754863,0.754863
0.878795,0.878795
0.357914,0.357914
0.628374,0.628374
0.929405,0.929405
0.220084,0.220084
0.215829,0.215829
0.100463,0.100463
0.281979,0.281979
0.356063,0.356063
0.629361,0.629361
0.734112,0.734112
0.895459,0.895459
0.240546,0.240546
0.177175,0.177175
0.086211,0.086211
0.402805,0.402805
0.217786,0.217786
0.930251,0.930251
0.779149,0.779149
0.716970,0.716970
0.659492,0.659492
0.256567,0.256567
0.550143,0.550143
0.763059,0.763059
0.812770,0.812770
0.700862,0.700862
0.427728,0.427728
0.536050,0.536050
0.090830,0.090830
0.862873,0.862873
0.572274,0.572274
0.842818,0.842818
0.242489,0.242489
0.637402,0.637402
0.437538,0.437538
0.478619,0.478619
0.203898,0.203898
0.721011,0.721011
0.054860,0.054860
0.694491,0.694491
0.629070,0.629070
0.258362,0.258362
0.984964,0.984964
0.255272,0.255272
0.052761,0.052761
0.673216,0.673216
0.195281,0.195281
0.402657,0.402657
0.417113,0.417113
0.301872,0.301872
0.470602,0.470602
0.380742,0.380742
0.408953,0.408953
0.486410,0.486410
0.996480,0.996480
0.577179,0.577179
0.740448,0.740448
0.948019,0.948019
0.591255,0.591255
0.202422,0.202422
0.389831,0.389831
0.244770,0.244770
0.120650,0.120650
0.580743,0.580743
0.068206,0.068206
0.763785,0.763785
0.242070,0.242070
0.459980,0.459980
0.422161,0.422161
0.342224,0.342224
0.261933,0.261933
0.200016,0.200016
0.085484,0.085484
0.357011,0.357011
0.617087,0.617087
0.268134,0.268134
0.367174,0.367174
0.912744,0.912744
0.520445,0.520445
0.757151,0.757151
0.532107,0.532107
0.510294,0.510294
0.752235,0.752235
0.368156,0.368156
0.957472,0.957472
0.252522,0.252522
0.795035,0.795035
0.144372,0.144372
0.007893,0.007893
0.745589,0.745589
0.879936,0.879936
0.536264,0.536264
0.385636,0.385636
0.987189,0.987189
0.261299,0.261299
0.381727,0.381727
0.739518,0.739518
0.991331,0.991331
0.071122,0.071122
0.389917,0.389917
0.776543,0.776543
0.275350,0.275350
0.880826,0.880826
0.602283,0.602283
0.816827,0.816827
0.747257,0.747257
0.101638,0.101638
0.237358,0.237358
0.896589,0.896589
0.516567,0.516567
0.905759,0.905759
0.545377,0.545377
0.436660,0.436660
0.274678,0.274678
0.788280,0.788280
0.267680,0.267680
0.896215,0.896215
0.542729,0.542729
0.079004,0.079004
0.022147,0.022147
0.410321,0.410321
0.010003,0.010003
0.452170,0.452170
0.818717,0.818717
0.647963,0.647963
0.906657,0.906657
0.783786,0.783786
0.903267,0.903267
0.168300,0.168300
0.910696,0.910696
0.955219,0.955219
0.947105,0.947105
0.316511,0.316511
0.105896,0.105896
0.083682,0.083682
0.334529,0.334529
0.101265,0.101265
0.530145,0.530145
0.205901,0.205901
0.885968,0.885968
0.037403,0.037403
0.765134,0.765134
0.777490,0.777490
0.039652,0.039652
0.986252,0.986252
0.097120,0.097120
0.099978,0.099978
0.879724,0.879724
0.504587,0.504587
0.915710,0.915710
0.372576,0.372576
0.903879,0.903879
0.533459,0.533459
0.686565,0.686565
0.057118,0.057118
0.296534,0.296534
0.608823,0.608823
0.086728,0.086728
0.416851,0.416851
0.773023,0.773023
0.218464,0.218464
0.754319,0.754319
0.846438,0.846438
0.420663,0.420663
0.473003,0.473003
0.725684,0.725684
0.560521,0.560521
0.823474,0.823474
0.016877,0.016877
0.109232,0.109232
0.598518,0.598518
0.199254,0.199254
0.615152,0.615152
0.490610,0.490610
0.776323,0.776323
0.048601,0.048601
0.774738,0.774738
0.121133,0.121133
0.873597,0.873597
0.929622,0.929622
0.932931,0.932931
0.579666,0.579666
0.022574,0.022574
0.331600,0.331600
0.189724,0.189724
0.131793,0.131793
0.135310,0.135310
0.295840,0.295840
0.633434,0.633434
0.055815,0.055815
0.638244,0.638244
0.872814,0.872814
0.246284,0.246284
0.546907,0.546907
0.303653,0.303653
0.457029,0.457029
0.502146,0.502146
0.550131,0.550131
0.935791,0.935791
0.518474,0.518474
0.370475,0.370475
0.180964,0.180964
0.615860,0.615860
0.135056,0.135056
0.044107,0.044107
0.747483,0.747483
0.200483,0.200483
0.740676,0.740676
0.522036,0.522036
0.885739,0.885739
0.430438,0.430438
0.975659,0.975659
0.237517,0.237517
0.606550,0.606550
0.027715,0.027715
0.858590,0.858590
0.755806,0.755806
0.649310,0.649310
0.489660,0.489660
0.124249,0.124249
0.716768,0.716768
0.318351,0.318351
0.528161,0.528161
0.920521,0.920521
0.513558,0.513558
0.321172,0.321172
0.115638,0.115638
0.378773,0.378773
0.963482,0.963482
0.148336,0.148336
0.790411,0.790411
0.547821,0.547821
0.186434,0.186434
0.773179,0.773179
0.607919,0.607919
0.830262,0.830262
0.712059,0.712059
0.308647,0.308647
0.687091,0.687091
0.654655,0.654655
0.624435,0.624435
0.123173,0.123173
0.091002,0.091002
0.008261,0.008261
0.783112,0.783112
0.940167,0.940167
0.292275,0.292275
0.557403,0.557403
0.967401,0.967401
0.240812,0.240812
0.749458,0.749458
0.882054,0.882054
0.421866,0.421866
0.405439,0.405439
0.858686,0.858686
0.638630,0.638630
0.343999,0.343999
0.817903,0.817903
0.216347,0.216347
0.913059,0.913059
0.011212,0.011212
0.981024,0.981024
0.915114,0.915114
0.621562,0.621562
0.906472,0.906472
0.323736,0.323736
0.409990,0.409990
0.159734,0.159734
0.279157,0.279157
0.882180,0.882180
0.333416,0.333416
0.071059,0.071059
0.434266,0.434266
0.852274,0.852274
0.534937,0.534937
0.981142,0.981142
0.506721,0.506721
0.446026,0.446026
0.262808,0.262808
0.573561,0.573561
0.722410,0.722410
0.355901,0.355901
0.882707,0.882707
0.648732,0.648732
0.466700,0.466700
0.161790,0.161790
0.446179,0.446179
0.763810,0.763810
0.195799,0.195799
0.014970,0.014970
0.480650,0.480650
0.081059,0.081059
0.721061,0.721061
0.161506,0.161506
0.856278,0.856278
0.523700,0.523700
0.045606,0.045606
0.566886,0.566886
0.849829,0.849829
0.125301,0.125301
0.169348,0.169348
0.206630,0.206630
0.760870,0.760870
0.964044,0.964044
0.488103,0.488103
0.494710,0.494710
0.217576,0.217576
0.151548,0.151548
0.519472,0.519472
0.771789,0.771789
0.351978,0.351978
0.152429,0.152429
0.662989,0.662989
0.434662,0.434662
0.613582,0.613582
0.837781,0.837781
0.906007,0.906007
0.345201,0.345201
0.081488,0.081488
0.422021,0.422021
0.390054,0.390054
0.891526,0.891526
0.533894,0.533894
0.128982,0.128982
0.676590,0.676590
0.144628,0.144628
0.114846,0.114846
0.574306,0.574306
0.015080,0.015080
0.343481,0.343481
0.546528,0.546528
0.977448,0.977448
0.471831,0.471831
0.513439,0.513439
0.445331,0.445331
0.669309,0.669309
0.105143,0.105143
0.802997,0.802997
0.181646,0.181646
0.677694,0.677694
0.824354,0.824354
0.377757,0.377757
0.731737,0.731737
0.344724,0.344724
0.574539,0.574539
0.230071,0.230071
0.593242,0.593242
0.910208,0.910208
0.882014,0.882014
0.924061,0.924061
0.491677,0.491677
0.431012,0.431012
0.453375,0.453375
0.386832,0.386832
0.792577,0.792577
0.141702,0.141702
0.996209,0.996209
0.922576,0.922576
0.828241,0.828241
0.514405,0.514405
0.322678,0.322678
0.043449,0.043449
0.447569,0.447569
0.485809,0.485809
0.071481,0.071481
0.986387,0.986387
0.193468,0.193468
0.784679,0.784679
0.693410,0.693410
0.596688,0.596688
0.115456,0.115456
0.525868,0.525868
0.079718,0.079718
0.261119,0.261119
0.973242,0.973242
0.880599,0.880599
0.783130,0.783130
0.953980,0.953980
0.373232,0.373232
0.781262,0.781262
0.513224,0.513224
0.654757,0.654757
0.282156,0.282156
0.934715,0.934715
0.824382,0.824382
0.339344,0.339344
0.835598,0.835598
0.650514,0.650514
0.778912,0.778912
0.664552,0.664552
0.967997,0.967997
0.042963,0.042963
0.398914,0.398914
0.709483,0.709483
0.938132,0.938132
0.577875,0.577875
0.914770,0.914770
0.139918,0.139918
0.010625,0.010625
0.097303,0.097303
0.997525,0.997525
0.898033,0.898033
0.030379,0.030379
0.697942,0.697942
0.920073,0.920073
0.449460,0.449460
0.660537,0.660537
0.509429,0.509429
0.056757,0.056757
0.272745,0.272745
0.260633,0.260633
0.778075,0.778075
0.024574,0.024574
0.138216,0.138216
0.930115,0.930115
0.569576,0.569576
0.551567,0.551567
0.552758,0.552758
0.629916,0.629916
0.848435,0.848435
0.998833,0.998833
0.189939,0.189939
0.229343,0.229343
0.333953,0.333953
0.236508,0.236508
0.662816,0.662816
0.467524,0.467524
0.197184,0.197184
0.650672,0.650672
0.935599,0.935599
0.758489,0.758489
0.478211,0.478211
0.971810,0.971810
0.110980,0.110980
0.617450,0.617450
0.252048,0.252048
0.536725,0.536725
0.032964,0.032964
0.449563,0.449563
0.609064,0.609064
0.646583,0.646583
0.692631,0.692631
0.861685,0.861685
0.207211,0.207211
0.590227,0.590227
0.387790,0.387790
0.442742,0.442742
0.440181,0.440181
0.700684,0.700684
0.379583,0.379583
0.857335,0.857335
0.218166,0.218166
0.308655,0.308655
0.876988,0.876988
0.686684,0.686684
0.607318,0.607318
0.524955,0.524955
0.189622,0.189622
0.085049,0.085049
0.846402,0.846402
0.015102,0.015102
0.656224,0.656224
0.955621,0.955621
0.040148,0.040148
0.392468,0.392468
0.150122,0.150122
0.863546,0.863546
0.845482,0.845482
0.786116,0.786116
0.994776,0.994776
0.880634,0.880634
0.014162,0.014162
0.096535,0.096535
0.144208,0.144208
0.012646,0.012646
0.871296,0.871296
0.332888,0.332888
0.545527,0.545527
0.380796,0.380796
0.065919,0.065919
0.584409,0.584409
0.952279,0.952279
0.250828,0.250828
0.810293,0.810293
0.823501,0.823501
0.330204,0.330204
0.153026,0.153026
0.940422,0.940422
0.878463,0.878463
0.983987,0.983987
0.721528,0.721528
0.017876,0.017876
0.930012,0.930012
0.644266,0.644266
0.430901,0.430901
0.639777,0.639777
0.965123,0.965123
0.105612,0.105612
0.766409,0.766409
0.503503,0.503503
0.728512,0.728512
0.140039,0.140039
0.347160,0.347160
0.056307,0.056307
0.591984,0.591984
0.408575,0.408575
0.641980,0.641980
0.862643,0.862643
0.948413,0.948413
0.539101,0.539101
0.889774,0.889774
0.701261,0.701261
0.607615,0.607615
0.274672,0.274672
0.062509,0.062509
0.724311,0.724311
0.144188,0.144188
0.025110,0.025110
0.965074,0.965074
0.771474,0.771474
0.389104,0.389104
0.364907,0.364907
0.280634,0.280634
0.379900,0.379900
0.489045,0.489045
0.266528,0.266528
0.751429,0.751429
0.078146,0.078146
0.032645,0.032645
0.512111,0.512111
0.970633,0.970633
0.833985,0.833985
0.296186,0.296186
0.664090,0.664090
0.283085,0.283085
0.891847,0.891847
0.252917,0.252917
0.590546,0.590546
0.436227,0.436227
0.625604,0.625604
0.223400,0.223400
0.824636,0.824636
0.021192,0.021192
0.119405,0.119405
0.839576,0.839576
0.778459,0.778459
0.799449,0.799449
0.536627,0.536627
0.396674,0.396674
0.081902,0.081902
0.653370,0.653370
0.446075,0.446075
0.073137,0.073137
0.649121,0.649121
0.891260,0.891260
0.428239,0.428239
0.715232,0.715232
0.628768,0.628768
0.523336,0.523336
0.775583,0.775583
0.060194,0.060194
0.324836,0.324836
0.445327,0.445327
0.927511,0.927511
0.952085,0.952085
0.955967,0.955967
0.195342,0.195342
0.603871,0.603871
0.808346,0.808346
0.874034,0.874034
0.805197,0.805197
0.394694,0.394694
0.859158,0.859158
0.538542,0.538542
0.475562,0.475562
0.861815,0.861815
0.267366,0.267366
0.751095,0.751095
0.784675,0.784675
0.002878,0.002878
0.297915,0.297915
0.620426,0.620426
0.039777,0.039777
0.837723,0.837723
0.629212,0.629212
0.646108,0.646108
0.860349,0.860349
0.485536,0.485536
0.124739,0.124739
0.266512,0.266512
0.731258,0.731258
0.950179,0.950179
0.756546,0.756546
0.187532,0.187532
0.056445,0.056445
0.401907,0.401907
0.854355,0.854355
0.432620,0.432620
0.761208,0.761208
0.342388,0.342388
0.868911,0.868911
0.526342,0.526342
0.638379,0.638379
0.841843,0.841843
0.330157,0.330157
0.662231,0.662231
0.164473,0.164473
0.567413,0.567413
0.114501,0.114501
0.883063,0.883063
0.273915,0.273915
0.129613,0.129613
0.982985,0.982985
0.992089,0.992089
0.722531,0.722531
0.539968,0.539968
0.343992,0.343992
0.967665,0.967665
0.764524,0.764524
0.223652,0.223652
0.205529,0.205529
0.493080,0.493080
0.306685,0.306685
0.449949,0.449949
0.633047,0.633047
0.520948,0.520948
0.395949,0.395949
0.224133,0.224133
0.282522,0.282522
0.710271,0.710271
0.439951,0.439951
0.698806,0.698806
0.113159,0.113159
0.313000,0.313000
0.515062,0.515062
0.315250,0.315250
0.179120,0.179120
0.432974,0.432974
0.618609,0.618609
0.413251,0.413251
0.697663,0.697663
0.731668,0.731668
0.274849,0.274849
0.085245,0.085245
0.677723,0.677723
0.186834,0.186834
0.185686,0.185686
0.942213,0.942213
0.201054,0.201054
0.235576,0.235576
0.248578,0.248578
0.131604,0.131604
0.479708,0.479708
0.217391,0.217391
0.132324,0.132324
0.810754,0.810754
0.001847,0.001847
0.673461,0.673461
0.596194,0.596194
0.617414,0.617414
0.692291,0.692291
0.082205,0.082205
0.679517,0.679517
0.900455,0.900455
0.436680,0.436680
0.654228,0.654228
0.810067,0.810067
0.837425,0.837425
0.245640,0.245640
0.083430,0.083430
0.863117,0.863117
0.435977,0.435977
0.908318,0.908318
0.889659,0.889659
0.605295,0.605295
0.602716,0.602716
0.689180,0.689180
0.452061,0.452061
0.670609,0.670609
0.595384,0.595384
0.858615,0.858615
0.646970,0.646970
0.284368,0.284368
0.703950,0.703950
0.918539,0.918539
0.995952,0.995952
0.528737,0.528737
0.799750,0.799750
0.944034,0.944034
0.170600,0.170600
0.261488,0.261488
0.539821,0.539821
0.075557,0.075557
0.291529,0.291529
0.553802,0.553802
0.031820,0.031820
0.337583,0.337583
0.155718,0.155718
0.470322,0.470322
0.886132,0.886132
0.683945,0.683945
0.074603,0.074603
0.863449,0.863449
0.884053,0.884053
0.793103,0.793103
0.468876,0.468876
0.724591,0.724591
0.845774,0.845774
0.221062,0.221062
0.693070,0.693070
0.781849,0.781849
0.088077,0.088077
0.051014,0.051014
0.670727,0.670727
0.199329,0.199329
0.752730,0.752730
0.423584,0.423584
0.605145,0.605145
0.361997,0.361997
0.680625,0.680625
0.796162,0.796162
0.853370,0.853370
0.802142,0.802142
0.911638,0.911638
0.224799,0.224799
0.339025,0.339025
0.000441,0.000441
0.145187,0.145187
0.553438,0.553438
0.827038,0.827038
0.863465,0.863465
0.955307,0.955307
0.417943,0.417943
0.329362,0.329362
0.081709,0.081709
0.126037,0.126037
0.737473,0.737473
0.622279,0.622279
0.894168,0.894168
0.144091,0.144091
0.397702,0.397702
0.681412,0.681412
0.912350,0.912350
0.988964,0.988964
0.096746,0.096746
0.873390,0.873390
0.341659,0.341659
0.765447,0.765447
0.172821,0.172821
0.684631,0.684631
0.359707,0.359707
0.393593,0.393593
0.022746,0.022746
0.186824,0.186824
0.905315,0.905315
0.368572,0.368572
0.646823,0.646823
0.604442,0.604442
0.004506,0.004506
0.314251,0.314251
0.466237,0.466237
0.255715,0.255715
0.017707,0.017707
0.886501,0.886501
0.409278,0.409278
0.109032,0.109032
0.268376,0.268376
0.415324,0.415324
0.811145,0.811145
0.515115,0.515115
0.963722,0.963722
0.006039,0.006039
0.462540,0.462540
0.924114,0.924114
0.492197,0.492197
0.712043,0.712043
0.995703,0.995703
0.834977,0.834977
0.830867,0.830867
0.497606,0.497606
0.714895,0.714895
0.300185,0.300185
0.005217,0.005217
0.481181,0.481181
0.140505,0.140505
0.568404,0.568404
0.881326,0.881326
0.368671,0.368671
0.242497,0.242497
0.952691,0.952691
0.664426,0.664426
0.116846,0.116846
0.418887,0.418887
0.776401,0.776401
0.207721,0.207721
0.372316,0.372316
0.004926,0.004926
0.398530,0.398530
0.127573,0.127573
0.784548,0.784548
0.052824,0.052824
0.301799,0.301799
0.320416,0.320416
0.714981,0.714981
0.724805,0.724805
0.864982,0.864982
0.344747,0.344747
0.498463,0.498463
0.399431,0.399431
0.617399,0.617399
0.093495,0.093495
0.739984,0.739984
0.733277,0.733277
0.672470,0.672470
0.576896,0.576896
0.052645,0.052645
0.746427,0.746427
0.798856,0.798856
0.803344,0.803344
0.021581,0.021581
0.362315,0.362315
0.415753,0.415753
0.269288,0.269288
0.799565,0.799565
0.269043,0.269043
0.242212,0.242212
0.590340,0.590340
0.319964,0.319964
0.388669,0.388669
0.868285,0.868285
0.025247,0.025247
0.949018,0.949018
0.134647,0.134647
0.948187,0.948187
0.581384,0.581384
0.930528,0.930528
0.380987,0.380987
0.509592,0.509592
0.187902,0.187902
0.851643,0.851643
0.032213,0.032213
0.005005,0.005005
0.983870,0.983870
0.014675,0.014675
0.924585,0.924585
0.431497,0.431497
0.190658,0.190658
0.818329,0.818329
0.344178,0.344178
0.885167,0.885167
0.175637,0.175637
0.771057,0.771057
0.182717,0.182717
0.910917,0.910917
0.909969,0.909969
0.109476,0.109476
0.453196,0.453196
0.626466,0.626466
0.316141,0.316141
0.944647,0.944647
0.873308,0.873308
0.221107,0.221107
0.443045,0.443045
0.857175,0.857175
0.669467,0.669467
0.693705,0.693705
0.423015,0.423015
0.994932,0.994932
0.072702,0.072702
0.073912,0.073912
0.362539,0.362539
0.190379,0.190379
0.114499,0.114499
0.968938,0.968938
0.105397,0.105397
0.899590,0.899590
0.864685,0.864685
0.505675,0.505675
0.288713,0.288713
0.683082,0.683082
0.253813,0.253813
0.673701,0.673701
0.041433,0.041433
0.851664,0.851664
0.028787,0.028787
0.875937,0.875937
0.331764,0.331764
0.106800,0.106800
0.142422,0.142422
0.497925,0.497925
0.085559,0.085559
0.176951,0.176951
0.375047,0.375047
0.282751,0.282751
0.378876,0.378876
0.455820,0.455820
0.938709,0.938709
0.844101,0.844101
0.791499,0.791499
0.788075,0.788075
0.782671,0.782671
0.075777,0.075777
0.211332,0.211332
0.548263,0.548263
0.824379,0.824379
0.601251,0.601251
0.037935,0.037935
0.193557,0.193557
0.535052,0.535052
0.326273,0.326273
0.746704,0.746704
0.592702,0.592702
0.424810,0.424810
0.945404,0.945404
0.913502,0.913502
0.242305,0.242305
0.505979,0.505979
0.607903,0.607903
0.351597,0.351597
0.266749,0.266749
0.269156,0.269156
0.448028,0.448028
0.455724,0.455724
0.329061,0.329061
0.128640,0.128640
0.694933,0.694933
0.113760,0.113760
0.429551,0.429551
0.299691,0.299691
0.471845,0.471845
0.162377,0.162377
0.979200,0.979200
0.056548,0.056548
0.188528,0.188528
0.285990,0.285990
0.920369,0.920369
0.735597,0.735597
0.530307,0.530307
0.500011,0.500011
0.899751,0.899751
0.404502,0.404502
0.050003,0.050003
0.104632,0.104632
0.749193,0.749193
0.540780,0.540780
0.201384,0.201384
0.935403,0.935403
0.523663,0.523663
0.259065,0.259065
0.350132,0.350132
0.197896,0.197896
0.528071,0.528071
0.273770,0.273770
0.412248,0.412248
0.708674,0.708674
0.734898,0.734898
0.071842,0.071842
0.729623,0.729623
0.067945,0.067945
0.386075,0.386075
0.251372,0.251372
0.663253,0.663253
0.831347,0.831347
0.825610,0.825610
0.802388,0.802388
0.387936,0.387936
0.794116,0.794116
0.245994,0.245994
0.700786,0.700786
0.332208,0.332208
0.004711,0.004711
0.846556,0.846556
0.215470,0.215470
0.747619,0.747619
0.476211,0.476211
0.174952,0.174952
0.898899,0.898899
0.467905,0.467905
0.633561,0.633561
0.594447,0.594447
0.873252,0.873252
0.550985,0.550985
0.919385,0.919385
0.125534,0.125534
0.368744,0.368744
0.378042,0.378042
0.282422,0.282422
0.160013,0.160013
0.478165,0.478165
0.079683,0.079683
0.114969,0.114969
0.858032,0.858032
0.926775,0.926775
0.190366,0.190366
0.305355,0.305355
0.079350,0.079350
0.810235,0.810235
0.794004,0.794004
0.432151,0.432151
0.753699,0.753699
0.780847,0.780847
0.228855,0.228855
0.076891,0.076891
0.069772,0.069772
0.425665,0.425665
0.791528,0.791528
0.990226,0.990226
0.860533,0.860533
0.494065,0.494065
0.759494,0.759494
0.937902,0.937902
0.671401,0.671401
0.058020,0.058020
0.170040,0.170040
0.906481,0.906481
0.891876,0.891876
0.508021,0.508021
0.254925,0.254925
0.128889,0.128889
0.760445,0.760445
0.213325,0.213325
0.131030,0.131030
0.258712,0.258712
0.699986,0.699986
0.535133,0.535133
0.479201,0.479201
0.618599,0.618599
0.050854,0.050854
0.966645,0.966645
0.794516,0.794516
0.677219,0.677219
0.907419,0.907419
0.312337,0.312337
0.549365,0.549365
0.196944,0.196944
0.656846,0.656846
0.876654,0.876654
0.303569,0.303569
0.858381,0.858381
0.620903,0.620903
0.913835,0.913835
0.683481,0.683481
0.518614,0.518614
0.103204,0.103204
0.195491,0.195491
0.280620,0.280620
0.141305,0.141305
0.458076,0.458076
0.211524,0.211524
0.933115,0.933115
0.736850,0.736850
0.022684,0.022684
0.269808,0.269808
0.302618,0.302618
0.042705,0.042705
0.626585,0.626585
0.407957,0.407957
0.586843,0.586843
0.573693,0.573693
0.372779,0.372779
0.960268,0.960268
0.260455,0.260455
0.117428,0.117428
0.151183,0.151183
0.903795,0.903795
0.115950,0.115950
0.736143,0.736143
0.566419,0.566419
0.045208,0.045208
0.780534,0.780534
0.830951,0.830951
0.903654,0.903654
0.470374,0.470374
0.755246,0.755246
0.245317,0.245317
0.734010,0.734010
0.017652,0.017652
0.766467,0.766467
0.480508,0.480508
0.263582,0.263582
0.898381,0.898381
0.294641,0.294641
0.142881,0.142881
0.342161,0.342161
0.399067,0.399067
0.412949,0.412949
0.246328,0.246328
0.283105,0.283105
0.268656,0.268656
0.814264,0.814264
0.902399,0.902399
0.964982,0.964982
0.608986,0.608986
0.704960,0.704960
0.055869,0.055869
0.525099,0.525099
0.238134,0.238134
0.886214,0.886214
0.147898,0.147898
0.216627,0.216627
0.038944,0.038944
0.586330,0.586330
0.179144,0.179144
0.236692,0.236692
0.578797,0.578797
0.729232,0.729232
0.603932,0.603932
0.834898,0.834898
0.700422,0.700422
0.553502,0.553502
0.305907,0.305907
0.427689,0.427689
0.044491,0.044491
0.746361,0.746361
0.833199,0.833199
0.136738,0.136738
0.980100,0.980100
0.765555,0.765555
0.574054,0.574054
0.106430,0.106430
0.727390,0.727390
0.230805,0.230805
0.755810,0.755810
0.284338,0.284338
0.255793,0.255793
0.556832,0.556832
0.401602,0.401602
0.400915,0.400915
0.870178,0.870178
0.913767,0.913767
0.645005,0.645005
0.814409,0.814409
0.795204,0.795204
0.547696,0.547696
0.940466,0.940466
0.801043,0.801043
0.406884,0.406884
0.599011,0.599011
0.278778,0.278778
0.011470,0.011470
0.187118,0.187118
0.673712,0.673712
0.841735,0.841735
0.510815,0.510815
0.596017,0.596017
0.306664,0.306664
0.870706,0.870706
0.411719,0.411719
0.384217,0.384217
0.381585,0.381585
0.020794,0.020794
0.189136,0.189136
0.164241,0.164241
0.073415,0.073415
0.758310,0.758310
0.788586,0.788586
0.964689,0.964689
0.261591,0.261591
0.648260,0.648260
0.683440,0.683440
0.497729,0.497729
0.056108,0.056108
0.140366,0.140366
0.480070,0.480070
0.954369,0.954369
0.759816,0.759816
0.085022,0.085022
0.173479,0.173479
0.080648,0.080648
0.124140,0.124140
0.363529,0.363529
0.985185,0.985185
0.217865,0.217865
0.181091,0.181091
0.175246,0.175246
0.212836,0.212836
0.584801,0.584801
0.900112,0.900112
0.985124,0.985124
0.962563,0.962563
0.894445,0.894445
0.530220,0.530220
0.165662,0.165662
0.643432,0.643432
0.081905,0.081905
0.939451,0.939451
0.988770,0.988770
0.144921,0.144921
0.630196,0.630196
0.495552,0.495552
0.223424,0.223424
0.107530,0.107530
0.759572,0.759572
0.045299,0.045299
0.129900,0.129900
0.652384,0.652384
0.469103,0.469103
0.777386,0.777386
0.627409,0.627409
0.049980,0.049980
0.808515,0.808515
0.723043,0.723043
0.897561,0.897561
0.354334,0.354334
0.314092,0.314092
0.908662,0.908662
0.293126,0.293126
0.825047,0.825047
0.507063,0.507063
0.600661,0.600661
0.497894,0.497894
0.011441,0.011441
0.618054,0.618054
0.045572,0.045572
0.138766,0.138766
0.552764,0.552764
0.881490,0.881490
0.865249,0.865249
0.745380,0.745380
0.625811,0.625811
0.576662,0.576662
0.479153,0.479153
0.395834,0.395834
0.045217,0.045217
0.922535,0.922535
0.598489,0.598489
0.723307,0.723307
0.620497,0.620497
0.123516,0.123516
0.749563,0.749563
0.063503,0.063503
0.868548,0.868548
0.310914,0.310914
0.712321,0.712321
0.212322,0.212322
0.668450,0.668450
0.323128,0.323128
0.476910,0.476910
0.046899,0.046899
0.805872,0.805872
0.974421,0.974421
0.733330,0.733330
0.668393,0.668393
0.955600,0.955600
0.060237,0.060237
0.230632,0.230632
0.786173,0.786173
0.093238,0.093238
0.468735,0.468735
0.422786,0.422786
0.782203,0.782203
0.334008,0.334008
0.617193,0.617193
0.902490,0.902490
0.294292,0.294292
0.742988,0.742988
0.424065,0.424065
0.617782,0.617782
0.244170,0.244170
0.267539,0.267539
0.673703,0.673703
0.950428,0.950428
0.996502,0.996502
0.487324,0.487324
0.963654,0.963654
0.084445,0.084445
0.744817,0.744817
0.315124,0.315124
0.780638,0.780638
0.917942,0.917942
0.136478,0.136478
0.407019,0.407019
0.379991,0.379991
0.077791,0.077791
0.289364,0.289364
0.322794,0.322794
0.162809,0.162809
0.313304,0.313304
0.275082,0.275082
0.381005,0.381005
0.880780,0.880780
0.192244,0.192244
0.446950,0.446950
0.778099,0.778099
0.268628,0.268628
0.277334,0.277334
0.376906,0.376906
0.070994,0.070994
0.196681,0.196681
0.211803,0.211803
0.894238,0.894238
0.250507,0.250507
0.952047,0.952047
0.250786,0.250786
0.325967,0.325967
0.321382,0.321382
0.455013,0.455013
0.530506,0.530506
0.013887,0.013887
0.634977,0.634977
0.477876,0.477876
0.458912,0.458912
0.241269,0.241269
0.265525,0.265525
0.265760,0.265760
0.629655,0.629655
0.828858,0.828858
0.857295,0.857295
0.601327,0.601327
0.620336,0.620336
0.400425,0.400425
0.744589,0.744589
0.137534,0.137534
0.954951,0.954951
0.388781,0.388781
0.336742,0.336742
0.422424,0.422424
0.687788,0.687788
0.866953,0.866953
0.814674,0.814674
0.958952,0.958952
0.184562,0.184562
0.788763,0.788763
0.955069,0.955069
0.857964,0.857964
0.646861,0.646861
0.836094,0.836094
0.249993,0.249993
0.791439,0.791439
0.723011,0.723011
0.388261,0.388261
0.718588,0.718588
0.253072,0.253072
0.954979,0.954979
0.314353,0.314353
0.431983,0.431983
0.974042,0.974042
0.707407,0.707407
0.841373,0.841373
0.008865,0.008865
0.806519,0.806519
0.091258,0.091258
0.230652,0.230652
0.769604,0.769604
0.128136,0.128136
0.026814,0.026814
0.533144,0.533144
0.893596,0.893596
0.809892,0.809892
0.330154,0.330154
0.068714,0.068714
0.018999,0.018999
0.645672,0.645672
0.095982,0.095982
0.175292,0.175292
0.258385,0.258385
0.944567,0.944567
0.314643,0.314643
0.501484,0.501484
0.963647,0.963647
0.830096,0.830096
0.341890,0.341890
0.950645,0.950645
0.540101,0.540101
0.792019,0.792019
0.789311,0.789311
0.100199,0.100199
0.001122,0.001122
0.744034,0.744034
0.769506,0.769506
0.492974,0.492974
0.444643,0.444643
0.895661,0.895661
0.080240,0.080240
0.447579,0.447579
0.445521,0.445521
0.429759,0.429759
0.930451,0.930451
0.135584,0.135584
0.024773,0.024773
0.526498,0.526498
0.213138,0.213138
0.358646,0.358646
0.689447,0.689447
0.378485,0.378485
0.816269,0.816269
0.534243,0.534243
0.346932,0.346932
0.272022,0.272022
0.380524,0.380524
0.022703,0.022703
0.259264,0.259264
0.824697,0.824697
0.794398,0.794398
0.125870,0.125870
0.834324,0.834324
0.731715,0.731715
0.240072,0.240072
0.702368,0.702368
0.292113,0.292113
0.637837,0.637837
0.223118,0.223118
0.694038,0.694038
0.581298,0.581298
0.700121,0.700121
0.008912,0.008912
0.157847,0.157847
0.668590,0.668590
0.819985,0.819985
0.391966,0.391966
0.095844,0.095844
0.543851,0.543851
0.126494,0.126494
0.721835,0.721835
0.138027,0.138027
0.157946,0.157946
0.190230,0.190230
0.977309,0.977309
0.580157,0.580157
0.541193,0.541193
0.303488,0.303488
0.193412,0.193412
0.479498,0.479498
0.864595,0.864595
0.233482,0.233482
0.462142,0.462142
0.052829,0.052829
0.899071,0.899071
0.272500,0.272500
0.056161,0.056161
0.599219,0.599219
0.805847,0.805847
0.208574,0.208574
0.728345,0.728345
0.600708,0.600708
0.318943,0.318943
0.463570,0.463570
0.748559,0.748559
0.011965,0.011965
0.064946,0.064946
0.199417,0.199417
0.248051,0.248051
0.385587,0.385587
0.674958,0.674958
0.990753,0.990753
0.015892,0.015892
0.823547,0.823547
0.580305,0.580305
0.370880,0.370880
0.222238,0.222238
0.513128,0.513128
0.828555,0.828555
0.785760,0.785760
0.340395,0.340395
0.357584,0.357584
0.990546,0.990546
0.256067,0.256067
0.412590,0.412590
0.885426,0.885426
0.173684,0.173684
0.416811,0.416811
0.667127,0.667127
0.901203,0.901203
0.369327,0.369327
0.560637,0.560637
0.450535,0.450535
0.490325,0.490325
0.312236,0.312236
0.152597,0.152597
0.732227,0.732227
0.352928,0.352928
0.338046,0.338046
0.886453,0.886453
0.018491,0.018491
0.988697,0.988697
0.745299,0.745299
0.770763,0.770763
0.261868,0.261868
0.940047,0.940047
0.844836,0.844836
0.105784,0.105784
0.015442,0.015442
0.257431,0.257431
0.579199,0.579199
0.694163,0.694163
0.069971,0.069971
0.883304,0.883304
0.553949,0.553949
0.029819,0.029819
0.407476,0.407476
0.692991,0.692991
0.127295,0.127295
0.596107,0.596107
0.583318,0.583318
0.997620,0.997620
0.201874,0.201874
0.597700,0.597700
0.375881,0.375881
0.021796,0.021796
0.991601,0.991601
0.614826,0.614826
0.162467,0.162467
0.913423,0.913423
0.217046,0.217046
0.344041,0.344041
0.607501,0.607501
0.367248,0.367248
0.295439,0.295439
0.357123,0.357123
0.819294,0.819294
0.357260,0.357260
0.511261,0.511261
0.111492,0.111492
0.992165,0.992165
0.484820,0.484820
0.217522,0.217522
0.905677,0.905677
0.633007,0.633007
0.984446,0.984446
0.165227,0.165227
0.677907,0.677907
0.884265,0.884265
0.203438,0.203438
0.574720,0.574720
0.381074,0.381074
0.305988,0.305988
0.736621,0.736621
0.860855,0.860855
0.137621,0.137621
0.183560,0.183560
0.390999,0.390999
0.606384,0.606384
0.536348,0.536348
0.920298,0.920298
0.263285,0.263285
0.974850,0.974850
0.316940,0.316940
0.362450,0.362450
0.901135,0.901135
0.640662,0.640662
0.560640,0.560640
0.343846,0.343846
0.471201,0.471201
0.452103,0.452103
0.718488,0.718488
0.088923,0.088923
0.482552,0.482552
0.408928,0.408928
0.337008,0.337008
0.715013,0.715013
0.730324,0.730324
0.879657,0.879657
0.972863,0.972863
0.982888,0.982888
0.193412,0.193412
0.439134,0.439134
0.393759,0.393759
0.910956,0.910956
0.067713,0.067713
0.773284,0.773284
0.910869,0.910869
0.860673,0.860673
0.992636,0.992636
0.824797,0.824797
0.940389,0.940389
0.698245,0.698245
0.367502,0.367502
0.631397,0.631397
0.669231,0.669231
0.378300,0.378300
0.723255,0.723255
0.976251,0.976251
0.129946,0.129946
0.566764,0.566764
0.452022,0.452022
0.484021,0.484021
0.010175,0.010175
0.990156,0.990156
0.125368,0.125368
0.211072,0.211072
0.907850,0.907850
0.436357,0.436357
0.335157,0.335157
0.234558,0.234558
0.408374,0.408374
0.355131,0.355131
0.003565,0.003565
0.416472,0.416472
0.923672,0.923672
0.975472,0.975472
0.632155,0.632155
0.845326,0.845326
0.777229,0.777229
0.209786,0.209786
0.142605,0.142605
0.781526,0.781526
0.602384,0.602384
0.280791,0.280791
0.832819,0.832819
0.200723,0.200723
0.980728,0.980728
0.246493,0.246493
0.520248,0.520248
0.655471,0.655471
0.917436,0.917436
0.379179,0.379179
0.131829,0.131829
0.637855,0.637855
0.292560,0.292560
0.202004,0.202004
0.021752,0.021752
0.121796,0.121796
0.241665,0.241665
0.198125,0.198125
0.610001,0.610001
0.007214,0.007214
0.362891,0.362891
0.127437,0.127437
0.507866,0.507866
0.888207,0.888207
0.170460,0.170460
0.556159,0.556159
0.113971,0.113971
0.505768,0.505768
0.523684,0.523684
0.065000,0.065000
0.023127,0.023127
0.466329,0.466329
0.700044,0.700044
0.394827,0.394827
0.467543,0.467543
0.662086,0.662086
0.894933,0.894933
0.992507,0.992507
0.928680,0.928680
0.600235,0.600235
0.681640,0.681640
0.333597,0.333597
0.362416,0.362416
0.088808,0.088808
0.742479,0.742479
0.341574,0.341574
0.785629,0.785629
0.140883,0.140883
0.489925,0.489925
0.358740,0.358740
0.826157,0.826157
0.426529,0.426529
0.470531,0.470531
0.256390,0.256390
0.752107,0.752107
0.782210,0.782210
0.915419,0.915419
0.698701,0.698701
0.294507,0.294507
0.552800,0.552800
0.712907,0.712907
0.689325,0.689325
0.292653,0.292653
0.136221,0.136221
0.463846,0.463846
0.937963,0.937963
0.811434,0.811434
0.226957,0.226957
0.418293,0.418293
0.367630,0.367630
0.137579,0.137579
0.364493,0.364493
0.693250,0.693250
0.860036,0.860036
0.187199,0.187199
0.758334,0.758334
0.565216,0.565216
0.643029,0.643029
0.320543,0.320543
0.402608,0.402608
0.011961,0.011961
0.536752,0.536752
0.817237,0.817237
0.460871,0.460871
0.721283,0.721283
0.312675,0.312675
0.531073,0.531073
0.136902,0.136902
0.595421,0.595421
0.204529,0.204529
0.089266,0.089266
0.858440,0.858440
0.966675,0.966675
0.925809,0.925809
0.911102,0.911102
0.334478,0.334478
0.285733,0.285733
0.348043,0.348043
0.714315,0.714315
0.399401,0.399401
0.578393,0.578393
0.889045,0.889045
0.414573,0.414573
0.522693,0.522693
0.041691,0.041691
0.475873,0.475873
0.831822,0.831822
0.131686,0.131686
0.319825,0.319825
0.109493,0.109493
0.347553,0.347553
0.477744,0.477744
0.724602,0.724602
0.740084,0.740084
0.341866,0.341866
0.218333,0.218333
0.612447,0.612447
0.974096,0.974096
0.016187,0.016187
0.548808,0.548808
0.117420,0.117420
0.838305,0.838305
0.325918,0.325918
0.862696,0.862696
0.966247,0.966247
0.045926,0.045926
0.549117,0.549117
0.519902,0.519902
0.005977,0.005977
0.276955,0.276955
0.782696,0.782696
0.387958,0.387958
0.805724,0.805724
0.179249,0.179249
0.415594,0.415594
0.419703,0.419703
0.027165,0.027165
0.113472,0.113472
0.669000,0.669000
0.703143,0.703143
0.380985,0.380985
0.153414,0.153414
0.173668,0.173668
0.552194,0.552194
0.318713,0.318713
0.097988,0.097988
0.131265,0.131265
0.370244,0.370244
0.239365,0.239365
0.705128,0.705128
0.540466,0.540466
0.887383,0.887383
0.716251,0.716251
0.615354,0.615354
0.566908,0.566908
0.506251,0.506251
0.722996,0.722996
0.197607,0.197607
0.077917,0.077917
0.387247,0.387247
0.209072,0.209072
0.351097,0.351097
0.992355,0.992355
0.917897,0.917897
0.432807,0.432807
0.700541,0.700541
0.496351,0.496351
0.086922,0.086922
0.641052,0.641052
0.473474,0.473474
0.464141,0.464141
0.367169,0.367169
0.140870,0.140870
0.136207,0.136207
0.779646,0.779646
0.220252,0.220252
0.570350,0.570350
0.888339,0.888339
0.045202,0.045202
0.672702,0.672702
0.941103,0.941103
0.807710,0.807710
0.120146,0.120146
0.496106,0.496106
0.258233,0.258233
0.551500,0.551500
0.557646,0.557646
0.271517,0.271517
0.128934,0.128934
0.969377,0.969377
0.453081,0.453081
0.790133,0.790133
0.058090,0.058090
0.804989,0.804989
0.788423,0.788423
0.369086,0.369086
0.979792,0.979792
0.976422,0.976422
0.878300,0.878300
0.910437,0.910437
0.873071,0.873071
0.067501,0.067501
0.213630,0.213630
0.591589,0.591589
0.687052,0.687052
0.998816,0.998816
0.344025,0.344025
0.503987,0.503987
0.610199,0.610199
0.681740,0.681740
0.331504,0.331504
0.552010,0.552010
0.307717,0.307717
0.720823,0.720823
0.013231,0.013231
0.557746,0.557746
0.103300,0.103300
0.356712,0.356712
0.049978,0.049978
0.290139,0.290139
0.131607,0.131607
0.108157,0.108157
0.367302,0.367302
0.418371,0.418371
0.541439,0.541439
0.146381,0.146381
0.805081,0.805081
0.501502,0.501502
0.014029,0.014029
0.073775,0.073775
0.844658,0.844658
0.205706,0.205706
0.040899,0.040899
0.620629,0.620629
0.536193,0.536193
0.525110,0.525110
0.745338,0.745338
0.616191,0.616191
0.064481,0.064481
0.357964,0.357964
0.358981,0.358981
0.275565,0.275565
0.518120,0.518120
0.110887,0.110887
0.726231,0.726231
0.985589,0.985589
0.212207,0.212207
0.519546,0.519546
0.641187,0.641187
0.534070,0.534070
0.697664,0.697664
0.658055,0.658055
0.997274,0.997274
0.676203,0.676203
0.967989,0.967989
0.741362,0.741362
0.832399,0.832399
0.403892,0.403892
0.950449,0.950449
0.803915,0.803915
0.191492,0.191492
0.097411,0.097411
0.685944,0.685944
0.196144,0.196144
0.058777,0.058777
0.111105,0.111105
0.970669,0.970669
0.219566,0.219566
0.124241,0.124241
0.969122,0.969122
0.078863,0.078863
0.880425,0.880425
0.663561,0.663561
0.878843,0.878843
0.298102,0.298102
0.950521,0.950521
0.879414,0.879414
0.173015,0.173015
0.200362,0.200362
0.589653,0.589653
0.233218,0.233218
0.833678,0.833678
0.813106,0.813106
0.659415,0.659415
0.792507,0.792507
0.801753,0.801753
0.743312,0.743312
0.533138,0.533138
0.764755,0.764755
0.904008,0.904008
0.429410,0.429410
0.566118,0.566118
0.205571,0.205571
0.110051,0.110051
0.801230,0.801230
0.177371,0.177371
0.023128,0.023128
0.356141,0.356141
0.621752,0.621752
0.448762,0.448762
0.256639,0.256639
0.457029,0.457029
0.387437,0.387437
0.385917,0.385917
0.303194,0.303194
0.427372,0.427372
0.465574,0.465574
0.854311,0.854311
0.349153,0.349153
0.292147,0.292147
0.790226,0.790226
0.004334,0.004334
0.362243,0.362243
0.850978,0.850978
0.788807,0.788807
0.526087,0.526087
0.552957,0.552957
0.148854,0.148854
0.976655,0.976655
0.418109,0.418109
0.657157,0.657157
0.530382,0.530382
0.666683,0.666683
0.046338,0.046338
0.941102,0.941102
0.234537,0.234537
0.447134,0.447134
0.353592,0.353592
0.620993,0.620993
0.607188,0.607188
0.624570,0.624570
0.348716,0.348716
0.540459,0.540459
0.486965,0.486965
0.762006,0.762006
0.537405,0.537405
0.999673,0.999673
0.713332,0.713332
0.744762,0.744762
0.595742,0.595742
0.454166,0.454166
0.590248,0.590248
0.203710,0.203710
0.188915,0.188915
0.157575,0.157575
0.940874,0.940874
0.451658,0.451658
0.288180,0.288180
0.301794,0.301794
0.790533,0.790533
0.524105,0.524105
0.377024,0.377024
0.240253,0.240253
0.670861,0.670861
0.176476,0.176476
0.137493,0.137493
0.818857,0.818857
0.281910,0.281910
0.609973,0.609973
0.312444,0.312444
0.001521,0.001521
0.597420,0.597420
0.072186,0.072186
0.754219,0.754219
0.025908,0.025908
0.252674,0.252674
0.953833,0.953833
0.460757,0.460757
0.253842,0.253842
0.883581,0.883581
0.171463,0.171463
0.922856,0.922856
0.374308,0.374308
0.331366,0.331366
0.595701,0.595701
0.399884,0.399884
0.856360,0.856360
0.821402,0.821402
0.002834,0.002834
0.179164,0.179164
0.296650,0.296650
0.666092,0.666092
0.187800,0.187800
0.791273,0.791273
0.651157,0.651157
0.754543,0.754543
0.422885,0.422885
0.670549,0.670549
0.963347,0.963347
0.174498,0.174498
0.836700,0.836700
0.152603,0.152603
0.155453,0.155453
0.958503,0.958503
0.928002,0.928002
0.752607,0.752607
0.966904,0.966904
0.818365,0.818365
0.246748,0.246748
0.516228,0.516228
0.744189,0.744189
0.442736,0.442736
0.988117,0.988117
0.861420,0.861420
0.203157,0.203157
0.404891,0.404891
0.796599,0.796599
0.085031,0.085031
0.678973,0.678973
0.948438,0.948438
0.790361,0.790361
0.230369,0.230369
0.343394,0.343394
0.234405,0.234405
0.110382,0.110382
0.377331,0.377331
0.057153,0.057153
0.224398,0.224398
0.833860,0.833860
0.788604,0.788604
0.529862,0.529862
0.271480,0.271480
0.654041,0.654041
0.474385,0.474385
0.797910,0.797910
0.437097,0.437097
0.663944,0.663944
0.899762,0.899762
0.150180,0.150180
0.210050,0.210050
0.906341,0.906341
0.528441,0.528441
0.371543,0.371543
0.059852,0.059852
0.963413,0.963413
0.583089,0.583089
0.733236,0.733236
0.713120,0.713120
0.678735,0.678735
0.524479,0.524479
0.717361,0.717361
0.067566,0.067566
0.692587,0.692587
0.755055,0.755055
0.851130,0.851130
0.057855,0.057855
0.495397,0.495397
0.599603,0.599603
0.047635,0.047635
0.779380,0.779380
0.908936,0.908936
0.468891,0.468891
0.241561,0.241561
0.538268,0.538268
0.669133,0.669133
0.890310,0.890310
0.827672,0.827672
0.137950,0.137950
0.174079,0.174079
0.659873,0.659873
0.700566,0.700566
0.429842,0.429842
0.741493,0.741493
0.965644,0.965644
0.911630,0.911630
0.431999,0.431999
0.254194,0.254194
0.483267,0.483267
0.296619,0.296619
0.014820,0.014820
0.299056,0.299056
0.489413,0.489413
0.844747,0.844747
0.443393,0.443393
0.627065,0.627065
0.587391,0.587391
0.396864,0.396864
0.666829,0.666829
0.940532,0.940532
0.004404,0.004404
0.098274,0.098274
0.113978,0.113978
0.210611,0.210611
0.058878,0.058878
0.244809,0.244809
0.978303,0.978303
0.769841,0.769841
0.024030,0.024030
0.138219,0.138219
0.428161,0.428161
0.066797,0.066797
0.808560,0.808560
0.760958,0.760958
0.436423,0.436423
0.855324,0.855324
0.781586,0.781586
0.522104,0.522104
0.462968,0.462968
0.892519,0.892519
0.922870,0.922870
0.148023,0.148023
0.503798,0.503798
0.940307,0.940307
0.119888,0.119888
0.979779,0.979779
0.175540,0.175540
0.217670,0.217670
0.104067,0.104067
0.448341,0.448341
0.428675,0.428675
0.554314,0.554314
0.866481,0.866481
0.152224,0.152224
0.911270,0.911270
0.258497,0.258497
0.780245,0.780245
0.958120,0.958120
0.674593,0.674593
0.252883,0.252883
0.482213,0.482213
0.856547,0.856547
0.302065,0.302065
0.734558,0.734558
0.730766,0.730766
0.584333,0.584333
0.918433,0.918433
0.496321,0.496321
0.852994,0.852994
0.366633,0.366633
0.147881,0.147881
0.235579,0.235579
0.663466,0.663466
0.412144,0.412144
0.372496,0.372496
0.275378,0.275378
0.953797,0.953797
0.155404,0.155404
0.766662,0.766662
0.390535,0.390535
0.430809,0.430809
0.498024,0.498024
0.423402,0.423402
0.208657,0.208657
0.941958,0.941958
0.534483,0.534483
0.418019,0.418019
0.761759,0.761759
0.364544,0.364544
0.623896,0.623896
0.451710,0.451710
0.739336,0.739336
0.724610,0.724610
0.044851,0.044851
0.354343,0.354343
0.795849,0.795849
0.986534,0.986534
0.370237,0.370237
0.840661,0.840661
0.560960,0.560960
0.174639,0.174639
0.008152,0.008152
0.300122,0.300122
0.647120,0.647120
0.606948,0.606948
0.908634,0.908634
0.860324,0.860324
0.798832,0.798832
0.194320,0.194320
0.519759,0.519759
0.326477,0.326477
0.425656,0.425656
0.636263,0.636263
0.319844,0.319844
0.326948,0.326948
0.647064,0.647064
0.217886,0.217886
0.135557,0.135557
0.299365,0.299365
0.393637,0.393637
0.490387,0.490387
0.459999,0.459999
0.580304,0.580304
0.900851,0.900851
0.042635,0.042635
0.796102,0.796102
0.836601,0.836601
0.645358,0.645358
0.242782,0.242782
0.154785,0.154785
0.797876,0.797876
0.476822,0.476822
0.661334,0.661334
0.308157,0.308157
0.461649,0.461649
0.629656,0.629656
0.967790,0.967790
0.192767,0.192767
0.175871,0.175871
0.176934,0.176934
0.712655,0.712655
0.158842,0.158842
0.576257,0.576257
0.584970,0.584970
0.335417,0.335417
0.228512,0.228512
0.903533,0.903533
0.229588,0.229588
0.695499,0.695499
0.162497,0.162497
0.570020,0.570020
0.590040,0.590040
0.468420,0.468420
0.725737,0.725737
0.871120,0.871120
0.687351,0.687351
0.322886,0.322886
0.653425,0.653425
0.093864,0.093864
0.783642,0.783642
0.037586,0.037586
0.945183,0.945183
0.603152,0.603152
0.509521,0.509521
0.722856,0.722856
0.346267,0.346267
0.054169,0.054169
0.786707,0.786707
0.527918,0.527918
0.068941,0.068941
0.161219,0.161219
0.199297,0.199297
0.387068,0.387068
0.301803,0.301803
0.502051,0.502051
0.234467,0.234467
0.529003,0.529003
0.392312,0.392312
0.914587,0.914587
0.272849,0.272849
0.377947,0.377947
0.990688,0.990688
0.962181,0.962181
0.439259,0.439259
0.385256,0.385256
0.266708,0.266708
0.684057,0.684057
0.607044,0.607044
0.864244,0.864244
0.220747,0.220747
0.926875,0.926875
0.096568,0.096568
0.670195,0.670195
0.193083,0.193083
0.791871,0.791871
0.795996,0.795996
0.273492,0.273492
0.322488,0.322488
0.750391,0.750391
0.072969,0.072969
0.067142,0.067142
0.323994,0.323994
0.412470,0.412470
0.485681,0.485681
0.294837,0.294837
0.439675,0.439675
0.591785,0.591785
0.210600,0.210600
0.024646,0.024646
0.145461,0.145461
0.360038,0.360038
0.044015,0.044015
0.467931,0.467931
0.295978,0.295978
0.330231,0.330231
0.256313,0.256313
0.194400,0.194400
0.117681,0.117681
0.790936,0.790936
0.032883,0.032883
0.784675,0.784675
0.803931,0.803931
0.567760,0.567760
0.735656,0.735656
0.862205,0.862205
0.501221,0.501221
0.929074,0.929074
0.315404,0.315404
0.920401,0.920401
0.621176,0.621176
0.160108,0.160108
0.007301,0.007301
0.737869,0.737869
0.292669,0.292669
0.765811,0.765811
0.891837,0.891837
0.541526,0.541526
0.543452,0.543452
0.145258,0.145258
0.417670,0.417670
0.492604,0.492604
0.570179,0.570179
0.723625,0.723625
0.834307,0.834307
0.180095,0.180095
0.415419,0.415419
0.940776,0.940776
0.981995,0.981995
0.249989,0.249989
0.100773,0.100773
0.105873,0.105873
0.487183,0.487183
0.410679,0.410679
0.337583,0.337583
0.757769,0.757769
0.399089,0.399089
0.208601,0.208601
0.070622,0.070622
0.597813,0.597813
0.837619,0.837619
0.578214,0.578214
0.074082,0.074082
0.165212,0.165212
0.295267,0.295267
0.339593,0.339593
0.674543,0.674543
0.028412,0.028412
0.470857,0.470857
0.971059,0.971059
0.488126,0.488126
0.823567,0.823567
0.601968,0.601968
0.414761,0.414761
0.670684,0.670684
0.943463,0.943463
0.060090,0.060090
0.970023,0.970023
0.946918,0.946918
0.494618,0.494618
0.672742,0.672742
0.081826,0.081826
0.229352,0.229352
0.901030,0.901030
0.640572,0.640572
0.956347,0.956347
0.898869,0.898869
0.201716,0.201716
0.014597,0.014597
0.321390,0.321390
0.988018,0.988018
0.485434,0.485434
0.405299,0.405299
0.725618,0.725618
0.289107,0.289107
0.099388,0.099388
0.305472,0.305472
0.284265,0.284265
0.976500,0.976500
0.340732,0.340732
0.140212,0.140212
0.397783,0.397783
0.712915,0.712915
0.469115,0.469115
0.325411,0.325411
0.341511,0.341511
0.072187,0.072187
0.331312,0.331312
0.428882,0.428882
0.924749,0.924749
0.786588,0.786588
0.001671,0.001671
0.314655,0.314655
0.650525,0.650525
0.725858,0.725858
0.411612,0.411612
0.809580,0.809580
0.164171,0.164171
0.469577,0.469577
0.761539,0.761539
0.409937,0.409937
0.865409,0.865409
0.548440,0.548440
0.707382,0.707382
0.302925,0.302925
0.953448,0.953448
0.715481,0.715481
0.840575,0.840575
0.898392,0.898392
0.052941,0.052941
0.906848,0.906848
0.755592,0.755592
0.463346,0.463346
0.186905,0.186905
0.606526,0.606526
0.833063,0.833063
0.899391,0.899391
0.843415,0.843415
0.116589,0.116589
0.440999,0.440999
0.568224,0.568224
0.275684,0.275684
0.871934,0.871934
0.564958,0.564958
0.420491,0.420491
0.600088,0.600088
0.399588,0.399588
0.698113,0.698113
0.819816,0.819816
0.593940,0.593940
0.157695,0.157695
0.211684,0.211684
0.689752,0.689752
0.022831,0.022831
0.336137,0.336137
0.178848,0.178848
0.304789,0.304789
0.931133,0.931133
0.153032,0.153032
0.362004,0.362004
0.725115,0.725115
0.430540,0.430540
0.583238,0.583238
0.756916,0.756916
0.368341,0.368341
0.389877,0.389877
0.834361,0.834361
0.556903,0.556903
0.596383,0.596383
0.556518,0.556518
0.514569,0.514569
0.310955,0.310955
0.394309,0.394309
0.074733,0.074733
0.701058,0.701058
0.450284,0.450284
0.306201,0.306201
0.954170,0.954170
0.177709,0.177709
0.433272,0.433272
0.084200,0.084200
0.203183,0.203183
0.239789,0.239789
0.209870,0.209870
0.228201,0.228201
0.862186,0.862186
0.130564,0.130564
0.994824,0.994824
0.885111,0.885111
0.330025,0.330025
0.523015,0.523015
0.158861,0.158861
0.167976,0.167976
0.812605,0.812605
0.565429,0.565429
0.584400,0.584400
0.827500,0.827500
0.456865,0.456865
0.753324,0.753324
0.909414,0.909414
0.690420,0.690420
0.632139,0.632139
0.295824,0.295824
0.086508,0.086508
0.264382,0.264382
0.587758,0.587758
0.848053,0.848053
0.266207,0.266207
0.528189,0.528189
0.108540,0.108540
0.192989,0.192989
0.041163,0.041163
0.275069,0.275069
0.566745,0.566745
0.875536,0.875536
0.906699,0.906699
0.554724,0.554724
0.398703,0.398703
0.748742,0.748742
0.968379,0.968379
0.898573,0.898573
0.408077,0.408077
0.179017,0.179017
0.413941,0.413941
0.730288,0.730288
0.984961,0.984961
0.643120,0.643120
0.000435,0.000435
0.845630,0.845630
0.821459,0.821459
0.625729,0.625729
0.038829,0.038829
0.704542,0.704542
0.378682,0.378682
0.084503,0.084503
0.781949,0.781949
0.524049,0.524049
0.316256,0.316256
0.229467,0.229467
0.313123,0.313123
0.319879,0.319879
0.588132,0.588132
0.759549,0.759549
0.097790,0.097790
0.374582,0.374582
0.645405,0.645405
0.587734,0.587734
0.541703,0.541703
0.374036,0.374036
0.333244,0.333244
0.749419,0.749419
0.193133,0.193133
0.296522,0.296522
0.606504,0.606504
0.823281,0.823281
0.170651,0.170651
0.409754,0.409754
0.835507,0.835507
0.533861,0.533861
0.807881,0.807881
0.305010,0.305010
0.114393,0.114393
0.308857,0.308857
0.331089,0.331089
0.355571,0.355571
0.863594,0.863594
0.377366,0.377366
0.389242,0.389242
0.977623,0.977623
0.801244,0.801244
0.999415,0.999415
0.801634,0.801634
0.539585,0.539585
0.471307,0.471307
0.057666,0.057666
0.025322,0.025322
0.951435,0.951435
0.308589,0.308589
0.932291,0.932291
0.023746,0.023746
0.404096,0.404096
0.755622,0.755622
0.033034,0.033034
0.766372,0.766372
0.578664,0.578664
0.067584,0.067584
0.152496,0.152496
0.620074,0.620074
0.756748,0.756748
0.893383,0.893383
0.682902,0.682902
0.651080,0.651080
0.559538,0.559538
0.184721,0.184721
0.652556,0.652556
0.246971,0.246971
0.931404,0.931404
0.297727,0.297727
0.666656,0.666656
0.070392,0.070392
0.280505,0.280505
0.030998,0.030998
0.890648,0.890648
0.683773,0.683773
0.088378,0.088378
0.027028,0.027028
0.636539,0.636539
0.318519,0.318519
0.572809,0.572809
0.092800,0.092800
0.661252,0.661252
0.775846,0.775846
0.315195,0.315195
0.362481,0.362481
0.161136,0.161136
0.558343,0.558343
0.828736,0.828736
0.016298,0.016298
0.892976,0.892976
0.595818,0.595818
0.332019,0.332019
0.558079,0.558079
0.673445,0.673445
0.708047,0.708047
0.645109,0.645109
0.627492,0.627492
0.148099,0.148099
0.845266,0.845266
0.340522,0.340522
0.180670,0.180670
0.454652,0.454652
0.580685,0.580685
0.995773,0.995773
0.279990,0.279990
0.509035,0.509035
0.686417,0.686417
0.438079,0.438079
0.108646,0.108646
0.826256,0.826256
0.816790,0.816790
0.729507,0.729507
0.694752,0.694752
0.906099,0.906099
0.973584,0.973584
0.193539,0.193539
0.833645,0.833645
0.024878,0.024878
0.240962,0.240962
0.671055,0.671055
0.989979,0.989979
0.585533,0.585533
0.688471,0.688471
0.602984,0.602984
0.920764,0.920764
0.258760,0.258760
0.401095,0.401095
0.911753,0.911753
0.666769,0.666769
0.668217,0.668217
0.684638,0.684638
0.931840,0.931840
0.110567,0.110567
0.025807,0.025807
0.955908,0.955908
0.489363,0.489363
0.385514,0.385514
0.891069,0.891069
0.365114,0.365114
0.799273,0.799273
0.326587,0.326587
0.022522,0.022522
0.491674,0.491674
0.450411,0.450411
0.649858,0.649858
0.252723,0.252723
0.584119,0.584119
0.428308,0.428308
0.398796,0.398796
0.195497,0.195497
0.510479,0.510479
0.464587,0.464587
0.502123,0.502123
0.980636,0.980636
0.790107,0.790107
0.506604,0.506604
0.502717,0.502717
0.180653,0.180653
0.010757,0.010757
0.472687,0.472687
0.556946,0.556946
0.981052,0.981052
0.719391,0.719391
0.936004,0.936004
0.765942,0.765942
0.608140,0.608140
0.310970,0.310970
0.328817,0.328817
0.229756,0.229756
0.425829,0.425829
0.029732,0.029732
0.634503,0.634503
0.300009,0.300009
0.361632,0.361632
0.894291,0.894291
0.170123,0.170123
0.258295,0.258295
0.144023,0.144023
0.649032,0.649032
0.237193,0.237193
0.555465,0.555465
0.925962,0.925962
0.005632,0.005632
0.112507,0.112507
0.706682,0.706682
0.153447,0.153447
0.356025,0.356025
0.459712,0.459712
0.887692,0.887692
0.956748,0.956748
0.124301,0.124301
0.014256,0.014256
0.670852,0.670852
0.588038,0.588038
0.155424,0.155424
0.016352,0.016352
0.734301,0.734301
0.426198,0.426198
0.464433,0.464433
0.638226,0.638226
0.165948,0.165948
0.311499,0.311499
0.392534,0.392534
0.133902,0.133902
0.842229,0.842229
0.865139,0.865139
0.793111,0.793111
0.927828,0.927828
0.463825,0.463825
0.719437,0.719437
0.521125,0.521125
0.079408,0.079408
0.149514,0.149514
0.298976,0.298976
0.304742,0.304742
0.977657,0.977657
0.794930,0.794930
0.716541,0.716541
0.625771,0.625771
0.562980,0.562980
0.854055,0.854055
0.252347,0.252347
0.710596,0.710596
0.493419,0.493419
0.989256,0.989256
0.184349,0.184349
0.026416,0.026416
0.343681,0.343681
0.757837,0.757837
0.616597,0.616597
0.963276,0.963276
0.980418,0.980418
0.687889,0.687889
0.589649,0.589649
0.944627,0.944627
0.863752,0.863752
0.220934,0.220934
0.360445,0.360445
0.438910,0.438910
0.091036,0.091036
0.973477,0.973477
0.276200,0.276200
0.373238,0.373238
0.623441,0.623441
0.171953,0.171953
0.231852,0.231852
0.336922,0.336922
0.845892,0.845892
0.224067,0.224067
0.208977,0.208977
0.296926,0.296926
0.445441,0.445441
0.925548,0.925548
0.724688,0.724688
0.501524,0.501524
0.493670,0.493670
0.173904,0.173904
0.450143,0.450143
0.208321,0.208321
0.488544,0.488544
0.565052,0.565052
0.722965,0.722965
0.631333,0.631333
0.030887,0.030887
0.434941,0.434941
0.036031,0.036031
0.914150,0.914150
0.495090,0.495090
0.702099,0.702099
0.828779,0.828779
0.946880,0.946880
0.562865,0.562865
0.577132,0.577132
0.074976,0.074976
0.903300,0.903300
0.727119,0.727119
0.690911,0.690911
0.365546,0.365546
0.753011,0.753011
0.855818,0.855818
0.138103,0.138103
0.370259,0.370259
0.827729,0.827729
0.666833,0.666833
0.467879,0.467879
0.370402,0.370402
0.196233,0.196233
0.822247,0.822247
0.287120,0.287120
0.240941,0.240941
0.469870,0.469870
0.041818,0.041818
0.954908,0.954908
0.408678,0.408678
0.614596,0.614596
0.950181,0.950181
0.089980,0.089980
0.734784,0.734784
0.237348,0.237348
0.820489,0.820489
0.730528,0.730528
0.143689,0.143689
0.560297,0.560297
0.851736,0.851736
0.967898,0.967898
0.219754,0.219754
0.795280,0.795280
0.069935,0.069935
0.588096,0.588096
0.299120,0.299120
0.348044,0.348044
0.426075,0.426075
0.326439,0.326439
0.914808,0.914808
0.214934,0.214934
0.182617,0.182617
0.791888,0.791888
0.050188,0.050188
0.117797,0.117797
0.039458,0.039458
0.713323,0.713323
0.732756,0.732756
0.458688,0.458688
0.546268,0.546268
0.384450,0.384450
0.469386,0.469386
0.460340,0.460340
0.005143,0.005143
0.335284,0.335284
0.306331,0.306331
0.406971,0.406971
0.481873,0.481873
0.572871,0.572871
0.959329,0.959329
0.501444,0.501444
0.192150,0.192150
0.352833,0.352833
0.164509,0.164509
0.997830,0.997830
0.740752,0.740752
0.154146,0.154146
0.452390,0.452390
0.632792,0.632792
0.183161,0.183161
0.639252,0.639252
0.972252,0.972252
0.966630,0.966630
0.545886,0.545886
0.301875,0.301875
0.225297,0.225297
0.473751,0.473751
0.679760,0.679760
0.370273,0.370273
0.383910,0.383910
0.031462,0.031462
0.370899,0.370899
0.520395,0.520395
0.006930,0.006930
0.182928,0.182928
0.290195,0.290195
0.947492,0.947492
0.945683,0.945683
0.024362,0.024362
0.710528,0.710528
0.313072,0.313072
0.396944,0.396944
0.818083,0.818083
0.587854,0.587854
0.562654,0.562654
0.579435,0.579435
0.081544,0.081544
0.167515,0.167515
0.351909,0.351909
0.699001,0.699001
0.905779,0.905779
0.099858,0.099858
0.905291,0.905291
0.033843,0.033843
0.191547,0.191547
0.759320,0.759320
0.673244,0.673244
0.444250,0.444250
0.024319,0.024319
0.767853,0.767853
0.468919,0.468919
0.304793,0.304793
0.421285,0.421285
0.633161,0.633161
0.708722,0.708722
0.299231,0.299231
0.545000,0.545000
0.729500,0.729500
0.858772,0.858772
0.371985,0.371985
0.333737,0.333737
0.903249,0.903249
0.152386,0.152386
0.846731,0.846731
0.634407,0.634407
0.163557,0.163557
0.771530,0.771530
0.049702,0.049702
0.887094,0.887094
0.027091,0.027091
0.608875,0.608875
0.999734,0.999734
0.978447,0.978447
0.163761,0.163761
0.767320,0.767320
0.189619,0.189619
0.600415,0.600415
0.573328,0.573328
0.573977,0.573977
0.195170,0.195170
0.739119,0.739119
0.908321,0.908321
0.262332,0.262332
0.281363,0.281363
0.602096,0.602096
0.858407,0.858407
0.260198,0.260198
0.163036,0.163036
0.535075,0.535075
0.627128,0.627128
0.886977,0.886977
0.996520,0.996520
0.445761,0.445761
0.214557,0.214557
0.291152,0.291152
0.493251,0.493251
0.738572,0.738572
0.471085,0.471085
0.984856,0.984856
0.481627,0.481627
0.850344,0.850344
0.521355,0.521355
0.856923,0.856923
0.875024,0.875024
0.040410,0.040410
0.150198,0.150198
0.907297,0.907297
0.415703,0.415703
0.400975,0.400975
0.875422,0.875422
0.778822,0.778822
0.941939,0.941939
0.622435,0.622435
0.247030,0.247030
0.236221,0.236221
0.576617,0.576617
0.248727,0.248727
0.409344,0.409344
0.588562,0.588562
0.961347,0.961347
0.214127,0.214127
0.673662,0.673662
0.285617,0.285617
0.888362,0.888362
0.544215,0.544215
0.541451,0.541451
0.013120,0.013120
0.372128,0.372128
0.850549,0.850549
0.331534,0.331534
0.991808,0.991808
0.688766,0.688766
0.937780,0.937780
0.194850,0.194850
0.808540,0.808540
0.061153,0.061153
0.159190,0.159190
0.924912,0.924912
0.132359,0.132359
0.130118,0.130118
0.761546,0.761546
0.639252,0.639252
0.265335,0.265335
0.436405,0.436405
0.898726,0.898726
0.542599,0.542599
0.216416,0.216416
0.313280,0.313280
0.630839,0.630839
0.743118,0.743118
0.762791,0.762791
0.879299,0.879299
0.930218,0.930218
0.015297,0.015297
0.953548,0.953548
0.667397,0.667397
0.382948,0.382948
0.344374,0.344374
0.949772,0.949772
0.032609,0.032609
0.966350,0.966350
0.507270,0.507270
0.046249,0.046249
0.698590,0.698590
0.804478,0.804478
0.603168,0.603168
0.966767,0.966767
0.452250,0.452250
0.258974,0.258974
0.389825,0.389825
0.961297,0.961297
0.773355,0.773355
0.830027,0.830027
0.726851,0.726851
0.708688,0.708688
0.268375,0.268375
0.101498,0.101498
0.712530,0.712530
0.377993,0.377993
0.052304,0.052304
0.702016,0.702016
0.019069,0.019069
0.748281,0.748281
0.477188,0.477188
0.984726,0.984726
0.904531,0.904531
0.219814,0.219814
0.415179,0.415179
0.958812,0.958812
0.626045,0.626045
0.665329,0.665329
0.350482,0.350482
0.296321,0.296321
0.256930,0.256930
0.390611,0.390611
0.246740,0.246740
0.832192,0.832192
0.174246,0.174246
0.877684,0.877684
0.206857,0.206857
0.356113,0.356113
0.102575,0.102575
0.459001,0.459001
0.519105,0.519105
0.012213,0.012213
0.620611,0.620611
0.181942,0.181942
0.283438,0.283438
0.360755,0.360755
0.825035,0.825035
0.838572,0.838572
0.687404,0.687404
0.018980,0.018980
0.283382,0.283382
0.653423,0.653423
0.138651,0.138651
0.501891,0.501891
0.390233,0.390233
0.555477,0.555477
0.746868,0.746868
0.050310,0.050310
0.751505,0.751505
0.256771,0.256771
0.658411,0.658411
0.692872,0.692872
0.778174,0.778174
0.238773,0.238773
0.448414,0.448414
0.206306,0.206306
0.619502,0.619502
0.799806,0.799806
0.798265,0.798265
0.676083,0.676083
0.200592,0.200592
0.894559,0.894559
0.151396,0.151396
0.338226,0.338226
0.115080,0.115080
0.377415,0.377415
0.027794,0.027794
0.956282,0.956282
0.982722,0.982722
0.922536,0.922536
0.656943,0.656943
0.937083,0.937083
0.635417,0.635417
0.927035,0.927035
0.463252,0.463252
0.722972,0.722972
0.639597,0.639597
0.192465,0.192465
0.168903,0.168903
0.877891,0.877891
0.792618,0.792618
0.742581,0.742581
0.802805,0.802805
0.429833,0.429833
0.114175,0.114175
0.958106,0.958106
0.673990,0.673990
0.104706,0.104706
0.726571,0.726571
0.030314,0.030314
0.708044,0.708044
0.075812,0.075812
0.763603,0.763603
0.560870,0.560870
0.322792,0.322792
0.065132,0.065132
0.586929,0.586929
0.677599,0.677599
0.773892,0.773892
0.441398,0.441398
0.919872,0.919872
0.500850,0.500850
0.849268,0.849268
0.414449,0.414449
0.741798,0.741798
0.656070,0.656070
0.168307,0.168307
0.387191,0.387191
0.073394,0.073394
0.659803,0.659803
0.107514,0.107514
0.300953,0.300953
0.230091,0.230091
0.160248,0.160248
0.895683,0.895683
0.415852,0.415852
0.049016,0.049016
0.558947,0.558947
0.438858,0.438858
0.078508,0.078508
0.565012,0.565012
0.527150,0.527150
0.885091,0.885091
0.537693,0.537693
0.709913,0.709913
0.268739,0.268739
0.837226,0.837226
0.431074,0.431074
0.406504,0.406504
0.924455,0.924455
0.552965,0.552965
0.237292,0.237292
0.441652,0.441652
0.042190,0.042190
0.519693,0.519693
0.843826,0.843826
0.981310,0.981310
0.112459,0.112459
0.685696,0.685696
0.391716,0.391716
0.542281,0.542281
0.361114,0.361114
0.693062,0.693062
0.441641,0.441641
0.751557,0.751557
0.029141,0.029141
0.003875,0.003875
0.929754,0.929754
0.344673,0.344673
0.827118,0.827118
0.795356,0.795356
0.972100,0.972100
0.078084,0.078084
0.724030,0.724030
0.429030,0.429030
0.420277,0.420277
0.355610,0.355610
0.116726,0.116726
0.141673,0.141673
0.348369,0.348369
0.001987,0.001987
0.376916,0.376916
0.903519,0.903519
0.578322,0.578322
0.427617,0.427617
0.122180,0.122180
0.360602,0.360602
0.886131,0.886131
0.544044,0.544044
0.124214,0.124214
0.104450,0.104450
0.495755,0.495755
0.518446,0.518446
0.655982,0.655982
0.828756,0.828756
0.065141,0.065141
0.418162,0.418162
0.929741,0.929741
0.940992,0.940992
0.920168,0.920168
0.928782,0.928782
0.421102,0.421102
0.596978,0.596978
0.841613,0.841613
0.821039,0.821039
0.123164,0.123164
0.605877,0.605877
0.070618,0.070618
0.909270,0.909270
0.763306,0.763306
0.509779,0.509779
0.201906,0.201906
0.174159,0.174159
0.746591,0.746591
0.289081,0.289081
0.053938,0.053938
0.622540,0.622540
0.671540,0.671540
0.186778,0.186778
0.683449,0.683449
0.073689,0.073689
0.462038,0.462038
0.651194,0.651194
0.463113,0.463113
0.655323,0.655323
0.762483,0.762483
0.443171,0.443171
0.840571,0.840571
0.673831,0.673831
0.007068,0.007068
0.787754,0.787754
0.721330,0.721330
0.976559,0.976559
0.738968,0.738968
0.371665,0.371665
0.023895,0.023895
0.148989,0.148989
0.162259,0.162259
0.860312,0.860312
0.731667,0.731667
0.536594,0.536594
0.929471,0.929471
0.471206,0.471206
0.057856,0.057856
0.330839,0.330839
0.531626,0.531626
0.247830,0.247830
0.717173,0.717173
0.285464,0.285464
0.916330,0.916330
0.142368,0.142368
0.170299,0.170299
0.233262,0.233262
0.005044,0.005044
0.315251,0.315251
0.765034,0.765034
0.307892,0.307892
0.739508,0.739508
0.422088,0.422088
0.928159,0.928159
0.892494,0.892494
0.968473,0.968473
0.584406,0.584406
0.304556,0.304556
0.122565,0.122565
0.093549,0.093549
0.334635,0.334635
0.685342,0.685342
0.119017,0.119017
0.111474,0.111474
0.850330,0.850330
0.675697,0.675697
0.718921,0.718921
0.042573,0.042573
0.057223,0.057223
0.241960,0.241960
0.552867,0.552867
0.602556,0.602556
0.391951,0.391951
0.514081,0.514081
0.808541,0.808541
0.460793,0.460793
0.837654,0.837654
0.196107,0.196107
0.674519,0.674519
0.783720,0.783720
0.584701,0.584701
0.557427,0.557427
0.740642,0.740642
0.977826,0.977826
0.186375,0.186375
0.652157,0.652157
0.581176,0.581176
0.295824,0.295824
0.766895,0.766895
0.043737,0.043737
0.264863,0.264863
0.720002,0.720002
0.853499,0.853499
0.949986,0.949986
0.826169,0.826169
0.744596,0.744596
0.664780,0.664780
0.526677,0.526677
0.449239,0.449239
0.775187,0.775187
0.779002,0.779002
0.851225,0.851225
0.220259,0.220259
0.453623,0.453623
0.972181,0.972181
0.575492,0.575492
0.139404,0.139404
0.893609,0.893609
0.587283,0.587283
0.672825,0.672825
0.234494,0.234494
0.054539,0.054539
0.026848,0.026848
0.748809,0.748809
0.312906,0.312906
0.319735,0.319735
0.647541,0.647541
0.841493,0.841493
0.435332,0.435332
0.992034,0.992034
0.487371,0.487371
0.204565,0.204565
0.598928,0.598928
0.074262,0.074262
0.919021,0.919021
0.089780,0.089780
0.604731,0.604731
0.313188,0.313188
0.357886,0.357886
0.381419,0.381419
0.910422,0.910422
0.190169,0.190169
0.479017,0.479017
0.574594,0.574594
0.934140,0.934140
0.037963,0.037963
0.511167,0.511167
0.549446,0.549446
0.159202,0.159202
0.395630,0.395630
0.256382,0.256382
0.354801,0.354801
0.444727,0.444727
0.898616,0.898616
0.919067,0.919067
0.630252,0.630252
0.149517,0.149517
0.422515,0.422515
0.487231,0.487231
0.505123,0.505123
0.207749,0.207749
0.974078,0.974078
0.785605,0.785605
0.777706,0.777706
0.579105,0.579105
0.477318,0.477318
0.606231,0.606231
0.271000,0.271000
0.897425,0.897425
0.904834,0.904834
0.747985,0.747985
0.218996,0.218996
0.357848,0.357848
0.106369,0.106369
0.771637,0.771637
0.476061,0.476061
0.470875,0.470875
0.745584,0.745584
0.261133,0.261133
0.924333,0.924333
0.992728,0.992728
0.400032,0.400032
0.674725,0.674725
0.610259,0.610259
0.807087,0.807087
0.084013,0.084013
0.544646,0.544646
0.525862,0.525862
0.052961,0.052961
0.334594,0.334594
0.211170,0.211170
0.008193,0.008193
0.586901,0.586901
0.136942,0.136942
0.000072,0.000072
0.537437,0.537437
0.952870,0.952870
0.646876,0.646876
0.297603,0.297603
0.137291,0.137291
0.664258,0.664258
0.225356,0.225356
0.708525,0.708525
0.448835,0.448835
0.426304,0.426304
0.649081,0.649081
0.433579,0.433579
0.629100,0.629100
0.539425,0.539425
0.035192,0.035192
0.704844,0.704844
0.409159,0.409159
0.687987,0.687987
0.596746,0.596746
0.735202,0.735202
0.144525,0.144525
0.487524,0.487524
0.167860,0.167860
0.260618,0.260618
0.198397,0.198397
0.253904,0.253904
0.452581,0.452581
0.815670,0.815670
0.999514,0.999514
0.709287,0.709287
0.372113,0.372113
0.247101,0.247101
0.486120,0.486120
0.631769,0.631769
0.597746,0.597746
0.503364,0.503364
0.294337,0.294337
0.284786,0.284786
0.180477,0.180477
0.169048,0.169048
0.841951,0.841951
0.684194,0.684194
0.233789,0.233789
0.904875,0.904875
0.880252,0.880252
0.287776,0.287776
0.696110,0.696110
0.099382,0.099382
0.613626,0.613626
0.130349,0.130349
0.219993,0.219993
0.596166,0.596166
0.575883,0.575883
0.065332,0.065332
0.222340,0.222340
0.305315,0.305315
0.676720,0.676720
0.350773,0.350773
0.046873,0.046873
0.289628,0.289628
0.895859,0.895859
0.327738,0.327738
0.441236,0.441236
0.162905,0.162905
0.887933,0.887933
0.029054,0.029054
0.032986,0.032986
0.590568,0.590568
0.637314,0.637314
0.810856,0.810856
0.840721,0.840721
0.242363,0.242363
0.989796,0.989796
0.088524,0.088524
0.677845,0.677845
0.241998,0.241998
0.853109,0.853109
0.826808,0.826808
0.491512,0.491512
0.429816,0.429816
0.206772,0.206772
0.755742,0.755742
0.249648,0.249648
0.537198,0.537198
0.310797,0.310797
0.904181,0.904181
0.113457,0.113457
0.007358,0.007358
0.152790,0.152790
0.824818,0.824818
0.247079,0.247079
0.872776,0.872776
0.635270,0.635270
0.541674,0.541674
0.684933,0.684933
0.716913,0.716913
0.254881,0.254881
0.251044,0.251044
0.680780,0.680780
0.868692,0.868692
0.360851,0.360851
0.486214,0.486214
0.391348,0.391348
0.924680,0.924680
0.878290,0.878290
0.303433,0.303433
0.942242,0.942242
0.833517,0.833517
0.042740,0.042740
0.653935,0.653935
0.170235,0.170235
0.194097,0.194097
0.281238,0.281238
0.010207,0.010207
0.104427,0.104427
0.120027,0.120027
0.321000,0.321000
0.578477,0.578477
0.782201,0.782201
0.057276,0.057276
0.370810,0.370810
0.096277,0.096277
0.922472,0.922472
0.441728,0.441728
0.069624,0.069624
0.186299,0.186299
0.253216,0.253216
0.968601,0.968601
0.823605,0.823605
0.275952,0.275952
0.606987,0.606987
0.327286,0.327286
0.310115,0.310115
0.785679,0.785679
0.387471,0.387471
0.625402,0.625402
0.004712,0.004712
0.266856,0.266856
0.895493,0.895493
0.441092,0.441092
0.481813,0.481813
0.620805,0.620805
0.794120,0.794120
0.188631,0.188631
0.012433,0.012433
0.395172,0.395172
0.507280,0.507280
0.155475,0.155475
0.272623,0.272623
0.547043,0.547043
0.525975,0.525975
0.485645,0.485645
0.309832,0.309832
0.341967,0.341967
0.975742,0.975742
0.926798,0.926798
0.599427,0.599427
0.762996,0.762996
0.048708,0.048708
0.622359,0.622359
0.873011,0.873011
0.890387,0.890387
0.972372,0.972372
0.367998,0.367998
0.598158,0.598158
0.412547,0.412547
0.431491,0.431491
0.825652,0.825652
0.740623,0.740623
0.683521,0.683521
0.179968,0.179968
0.186243,0.186243
0.839943,0.839943
0.439213,0.439213
0.498375,0.498375
0.078788,0.078788
0.482121,0.482121
0.582294,0.582294
0.452443,0.452443
0.623571,0.623571
0.029159,0.029159
0.015830,0.015830
0.193633,0.193633
0.329071,0.329071
0.406456,0.406456
0.311888,0.311888
0.011814,0.011814
0.237063,0.237063
0.146967,0.146967
0.009938,0.009938
0.981458,0.981458
0.173124,0.173124
0.353060,0.353060
0.671140,0.671140
0.903209,0.903209
0.869359,0.869359
0.628796,0.628796
0.120908,0.120908
0.806559,0.806559
0.598772,0.598772
0.841116,0.841116
0.522155,0.522155
0.356098,0.356098
0.728455,0.728455
0.490108,0.490108
0.772469,0.772469
0.368088,0.368088
0.099303,0.099303
0.065245,0.065245
0.369918,0.369918
0.999010,0.999010
0.811920,0.811920
0.381624,0.381624
0.334116,0.334116
0.548063,0.548063
0.417668,0.417668
0.131087,0.131087
0.147885,0.147885
0.150088,0.150088
0.893935,0.893935
0.449570,0.449570
0.045183,0.045183
0.364369,0.364369
0.020643,0.020643
0.748619,0.748619
0.079199,0.079199
0.757007,0.757007
0.819899,0.819899
0.297504,0.297504
0.976503,0.976503
0.921621,0.921621
0.126435,0.126435
0.158630,0.158630
0.969073,0.969073
0.426946,0.426946
0.706592,0.706592
0.196158,0.196158
0.805555,0.805555
0.102605,0.102605
0.316493,0.316493
0.919316,0.919316
0.902894,0.902894
0.064324,0.064324
0.103810,0.103810
0.073775,0.073775
0.706796,0.706796
0.969570,0.969570
0.733447,0.733447
0.253557,0.253557
0.359714,0.359714
0.645230,0.645230
0.453987,0.453987
0.261203,0.261203
0.628139,0.628139
0.723385,0.723385
0.299337,0.299337
0.398106,0.398106
0.941096,0.941096
0.438513,0.438513
0.017091,0.017091
0.559274,0.559274
0.836519,0.836519
0.709312,0.709312
0.864071,0.864071
0.154804,0.154804
0.938130,0.938130
0.432651,0.432651
0.243697,0.243697
0.643412,0.643412
0.414464,0.414464
0.379764,0.379764
0.745110,0.745110
0.438084,0.438084
0.914975,0.914975
0.063378,0.063378
0.627439,0.627439
0.444619,0.444619
0.994408,0.994408
0.479707,0.479707
0.654588,0.654588
0.782595,0.782595
0.133206,0.133206
0.469556,0.469556
0.661240,0.661240
0.766733,0.766733
0.925851,0.925851
0.296459,0.296459
0.677226,0.677226
0.379104,0.379104
0.949424,0.949424
0.641687,0.641687
0.519746,0.519746
0.236029,0.236029
0.207373,0.207373
0.147332,0.147332
0.639997,0.639997
0.396192,0.396192
0.275466,0.275466
0.328999,0.328999
0.119990,0.119990
0.042831,0.042831
